transaction_id,customer_id,age,personal_income,family_income,credit_score,loan_amount,has_loan,owns_home,transaction_amount,account_age_days,num_prev_transactions,avg_transaction_value,internet_usage_hrs,mobile_usage_hrs,is_fraud,fraud_amount,gender_Female,gender_Male,education_Bachelor,education_High School,education_Master,education_Other,education_PhD,marital_status_Divorced,marital_status_Married,marital_status_Single,marital_status_Widowed,region_East,region_North,region_South,region_West,Age Group_18–26,Age Group_26–34,Age Group_34–42,Age Group_42–50,Age Group_50–58,Age Group_58–66,Age Group_66–74,Age Group_74–82,Age Group_82–90,transaction_type_ATM,transaction_type_In-Store,transaction_type_Online,transaction_type_Transfer,device_type_ATM,device_type_Desktop,device_type_Mobile,device_type_POS
1,9889,57.5,59471.88,89963.84,430,8477.09,0,0,14678.0,574,8,3735.04,3.4,1.9,0,0.0,1,0,0,0,0,0,1,0,1,0,0,1,0,0,0,0,0,0,0,1,0,0,0,0,0,0,1,0,0,0,0,1
2,8368,47.9,65603.22,84225.79,610,32492.24,0,1,475.07,2431,38,1464.22,3.0,4.9,1,372.4,1,0,0,1,0,0,0,0,1,0,0,0,0,1,0,0,0,0,1,0,0,0,0,0,0,1,0,0,0,1,0,0
3,5818,59.7,43807.93,70351.92,608,15542.71,0,0,616.23,4868,114,4067.04,9.4,4.9,1,610.56,0,1,0,0,1,0,0,0,1,0,0,0,0,1,0,0,0,0,0,0,1,0,0,0,0,1,0,0,0,0,0,1
4,1027,72.8,68481.22,84617.72,761,1651.99,1,0,2174.51,2394,56,1135.61,5.6,9.0,0,0.0,1,0,0,1,0,0,0,0,1,0,0,1,0,0,0,0,0,0,0,0,0,1,0,0,0,0,1,0,1,0,0,0
5,5254,46.5,50523.21,93876.19,619,16687.33,0,0,6730.62,1319,138,5773.06,1.9,2.7,1,6571.32,1,0,1,0,0,0,0,0,0,0,1,0,1,0,0,0,0,0,1,0,0,0,0,0,1,0,0,0,0,1,0,0
6,6635,46.5,59710.95,105239.69,681,47723.37,0,0,4949.46,3795,102,419.11,9.3,4.0,1,3430.31,0,1,0,0,1,0,0,0,1,0,0,1,0,0,0,0,0,0,1,0,0,0,0,0,0,0,0,1,0,1,0,0
7,5305,73.7,70925.68,73232.87,661,10093.98,0,1,1397.83,1905,177,5277.92,3.2,9.0,1,1248.91,0,1,0,1,0,0,0,0,0,0,1,0,0,0,1,0,0,0,0,0,0,1,0,0,0,0,0,1,0,0,1,0
8,6336,61.5,60128.45,76185.78,480,7028.8,0,0,3170.57,4458,169,8864.82,4.6,5.8,0,0.0,0,1,0,0,1,0,0,1,0,0,0,0,0,0,1,0,0,0,0,0,1,0,0,0,0,1,0,0,0,0,1,0
9,1895,43.0,51272.28,58824.34,711,3097.31,0,0,291.78,4717,286,8380.35,5.9,2.7,1,157.96,0,1,0,0,1,0,0,0,0,1,0,0,0,1,0,0,0,0,1,0,0,0,0,0,0,0,0,1,0,0,1,0
10,3793,58.1,57807.8,78057.44,667,3284.42,1,1,7582.99,812,261,8828.99,0.9,3.2,0,0.0,0,1,1,0,0,0,0,0,0,0,1,0,1,0,0,0,0,0,0,0,1,0,0,0,0,0,0,1,0,0,1,0
11,4757,43.0,58232.74,86981.17,691,11339.86,0,0,6668.19,569,223,9221.27,2.3,2.0,0,0.0,0,1,0,1,0,0,0,0,0,1,0,0,1,0,0,0,0,0,1,0,0,0,0,0,0,0,1,0,1,0,0,0
12,4581,43.0,52599.78,60855.1,850,18110.96,1,0,357.61,2812,199,1054.23,7.3,5.2,1,214.37,0,1,0,1,0,0,0,1,0,0,0,0,0,0,1,0,0,0,1,0,0,0,0,0,0,1,0,0,0,1,0,0
13,4403,53.6,54824.08,70996.18,483,1681.02,0,1,711.7,2698,211,1296.18,3.6,7.6,0,0.0,0,1,1,0,0,0,0,0,1,0,0,1,0,0,0,0,0,0,0,1,0,0,0,0,1,0,0,0,0,0,0,1
14,5443,21.3,91972.94,106913.58,788,56124.93,0,0,211.07,4744,287,5574.5,6.0,9.1,0,0.0,1,0,0,0,0,1,0,1,0,0,0,0,0,1,0,1,0,0,0,0,0,0,0,0,0,1,0,0,0,0,1,0
15,9322,24.1,71218.39,104327.4,627,28140.85,1,1,634.13,3967,180,8940.79,3.1,1.3,1,342.08,0,1,1,0,0,0,0,1,0,0,0,1,0,0,0,1,0,0,0,0,0,0,0,0,0,0,1,0,0,0,1,0
16,3235,41.6,54090.39,85130.56,673,17667.95,0,1,3385.16,2986,250,9743.75,3.8,7.2,1,1847.2,1,0,0,1,0,0,0,1,0,0,0,1,0,0,0,0,0,1,0,0,0,0,0,0,0,0,0,1,0,0,1,0
17,2221,34.8,73939.09,93113.02,646,35256.29,1,0,950.65,3752,231,472.16,7.6,5.4,1,678.48,0,1,1,0,0,0,0,0,1,0,0,1,0,0,0,0,0,1,0,0,0,0,0,0,1,0,0,0,0,0,0,1
18,1312,54.7,53323.61,85975.92,616,1671.69,0,1,185.1,3897,23,3564.18,4.9,4.3,0,0.0,1,0,1,0,0,0,0,0,0,1,0,0,1,0,0,0,0,0,0,1,0,0,0,0,0,1,0,0,0,0,1,0
19,6770,36.4,83462.49,105262.29,604,12957.32,0,0,837.79,1863,48,2136.81,3.3,4.0,0,0.0,0,1,0,0,1,0,0,0,0,1,0,0,0,0,1,0,0,1,0,0,0,0,0,0,0,0,0,1,0,0,0,1
20,9787,28.8,67392.84,93318.02,676,19890.08,1,0,7967.4,2176,109,7562.1,2.6,0.5,0,0.0,0,1,0,1,0,0,0,0,1,0,0,0,1,0,0,0,1,0,0,0,0,0,0,0,0,1,0,0,0,1,0,0
21,6281,72.0,57853.96,112955.74,529,35281.28,0,1,1986.79,2200,296,6405.54,2.8,6.6,1,1558.79,1,0,0,0,1,0,0,0,0,1,0,0,0,0,1,0,0,0,0,0,0,1,0,0,1,0,0,0,0,1,0,0
22,7396,46.6,68954.34,119061.25,710,30600.48,1,1,1076.26,3421,6,1207.68,6.5,1.7,1,1037.57,1,0,1,0,0,0,0,0,1,0,0,0,0,1,0,0,0,0,1,0,0,0,0,0,0,1,0,0,0,1,0,0
23,4986,51.0,28582.48,39088.76,617,6488.84,0,0,364.34,1646,38,4840.39,5.5,3.1,1,278.76,1,0,0,0,0,1,0,0,0,1,0,0,0,1,0,0,0,0,0,1,0,0,0,0,0,1,0,0,1,0,0,0
24,9383,28.6,37464.65,79910.64,560,56563.78,1,1,8562.81,4647,169,6857.55,1.7,6.0,1,5795.27,0,1,1,0,0,0,0,0,0,0,1,1,0,0,0,0,1,0,0,0,0,0,0,0,0,1,0,0,0,0,0,1
25,3803,41.8,36121.5,78292.45,614,2655.68,0,1,3439.05,946,283,7792.26,4.2,0.5,1,3090.26,0,1,1,0,0,0,0,0,1,0,0,0,0,0,1,0,0,1,0,0,0,0,0,0,0,0,0,1,0,0,1,0
26,2532,51.7,62858.86,75634.91,751,41610.22,0,1,661.12,4842,203,210.33,3.9,1.7,0,0.0,1,0,0,0,0,0,1,1,0,0,0,0,0,0,1,0,0,0,0,1,0,0,0,0,1,0,0,0,0,0,1,0
27,9438,32.7,94650.3,136931.96,607,70768.02,1,1,145.29,2786,273,8905.79,4.6,8.0,0,0.0,1,0,0,1,0,0,0,0,0,1,0,0,0,0,1,0,1,0,0,0,0,0,0,0,1,0,0,0,0,0,1,0
28,5175,55.6,104626.0,157694.98,679,3899.71,1,0,116.58,1966,244,5697.12,2.8,5.3,1,100.45,1,0,0,0,0,0,1,1,0,0,0,1,0,0,0,0,0,0,0,1,0,0,0,0,0,0,0,1,0,0,1,0
29,9876,41.0,72761.02,85922.85,592,25607.44,1,0,256.53,4072,47,8120.97,6.2,3.3,0,0.0,1,0,0,0,1,0,0,0,0,0,1,1,0,0,0,0,0,1,0,0,0,0,0,0,0,0,0,1,1,0,0,0
30,6218,45.6,70016.89,86254.35,711,822.39,1,1,1738.66,3121,249,8081.3,4.0,5.3,1,1557.6,0,1,0,1,0,0,0,0,1,0,0,0,0,1,0,0,0,0,1,0,0,0,0,0,0,0,0,1,0,0,1,0
31,2385,41.0,23978.85,69243.77,705,10398.1,1,0,5283.5,4685,79,1906.63,4.7,6.7,1,5224.52,1,0,1,0,0,0,0,0,1,0,0,0,1,0,0,0,0,1,0,0,0,0,0,0,0,0,1,0,1,0,0,0
32,6487,77.8,49146.52,83218.95,798,14525.12,0,1,1373.31,998,110,1110.62,2.4,7.8,0,0.0,0,1,0,0,1,0,0,0,1,0,0,0,0,0,1,0,0,0,0,0,0,0,1,0,0,1,0,0,0,0,0,1
33,3230,49.8,44244.32,82516.47,636,17380.76,0,0,3702.32,3394,13,7215.66,2.5,2.2,0,0.0,0,1,0,1,0,0,0,0,0,1,0,0,0,0,1,0,0,0,1,0,0,0,0,0,0,1,0,0,0,1,0,0
34,9723,34.1,47583.05,82691.89,703,54957.84,0,0,1180.77,3233,90,1572.7,9.3,2.4,1,1096.63,0,1,1,0,0,0,0,0,1,0,0,0,1,0,0,0,0,1,0,0,0,0,0,0,1,0,0,0,0,0,1,0
35,4617,62.3,56637.12,92497.56,658,22310.13,0,0,2466.0,919,280,8500.88,7.6,6.5,1,1233.23,1,0,1,0,0,0,0,0,1,0,0,0,0,0,1,0,0,0,0,0,1,0,0,0,0,1,0,0,0,1,0,0
36,1713,31.7,50558.19,60661.11,754,13127.74,0,1,2632.59,822,221,7264.63,3.9,6.6,1,1793.36,0,1,1,0,0,0,0,0,0,1,0,1,0,0,0,0,1,0,0,0,0,0,0,0,0,0,1,0,0,0,0,1
37,8751,53.1,20414.0,66123.77,592,33180.45,0,0,382.23,3488,73,8419.84,7.1,1.6,0,0.0,0,1,0,1,0,0,0,0,1,0,0,1,0,0,0,0,0,0,0,1,0,0,0,0,0,0,0,1,0,0,0,1
38,3503,20.6,74958.21,122502.06,710,60128.92,0,1,896.38,1011,234,2997.14,6.4,2.5,1,716.98,1,0,0,0,0,0,1,0,0,1,0,0,0,0,1,1,0,0,0,0,0,0,0,0,1,0,0,0,0,0,1,0
39,5766,30.1,38545.14,65104.28,634,446.26,1,0,2028.37,3561,260,3172.81,2.7,4.5,1,1194.28,0,1,0,0,0,1,0,0,0,1,0,1,0,0,0,0,1,0,0,0,0,0,0,0,1,0,0,0,0,0,0,1
40,5462,53.0,64784.94,94132.78,645,80935.41,0,0,146.64,3559,113,6715.5,2.6,5.1,1,95.59,1,0,0,0,0,1,0,0,0,1,0,1,0,0,0,0,0,0,0,1,0,0,0,0,0,1,0,0,0,1,0,0
41,5719,61.1,101481.65,108515.04,657,1801.39,0,0,897.39,831,46,324.15,5.3,5.1,0,0.0,0,1,0,0,1,0,0,0,0,0,1,0,0,0,1,0,0,0,0,0,1,0,0,0,1,0,0,0,0,0,1,0
42,2383,52.6,41612.31,79326.13,670,33681.8,0,1,1530.57,72,274,7267.7,4.5,1.6,0,0.0,1,0,0,1,0,0,0,0,1,0,0,0,0,1,0,0,0,0,0,1,0,0,0,0,0,0,0,1,1,0,0,0
43,2005,48.3,15000.0,53580.86,641,6579.38,1,0,11158.44,3379,43,8359.47,3.2,5.1,1,10218.89,1,0,0,0,1,0,0,0,0,0,1,0,1,0,0,0,0,0,1,0,0,0,0,0,1,0,0,0,0,0,1,0
44,7923,45.5,54279.92,83347.05,667,2835.41,1,0,1286.94,1807,208,4157.48,5.4,3.2,1,1243.5,0,1,0,1,0,0,0,0,1,0,0,1,0,0,0,0,0,0,1,0,0,0,0,0,0,0,0,1,0,1,0,0
45,7613,27.8,82019.19,128884.49,776,11591.21,1,0,3386.26,3231,103,7651.14,1.1,2.1,0,0.0,0,1,0,1,0,0,0,0,0,1,0,0,0,1,0,0,1,0,0,0,0,0,0,0,0,0,1,0,0,0,1,0
46,3692,39.2,99166.95,124155.79,729,20654.05,0,0,1131.5,379,124,1754.36,4.2,5.0,0,0.0,0,1,1,0,0,0,0,0,1,0,0,1,0,0,0,0,0,1,0,0,0,0,0,0,0,0,1,0,0,0,1,0
47,2052,43.1,35409.01,73878.1,720,9591.44,0,1,3183.1,1597,10,3229.38,1.5,4.7,0,0.0,0,1,1,0,0,0,0,0,1,0,0,1,0,0,0,0,0,0,1,0,0,0,0,0,0,0,0,1,0,1,0,0
48,3195,65.9,69933.98,84639.02,614,1122.21,0,1,1809.79,1159,187,9743.31,1.6,7.0,0,0.0,1,0,0,0,1,0,0,0,0,1,0,0,1,0,0,0,0,0,0,0,1,0,0,0,0,1,0,0,0,0,1,0
49,4747,55.2,50693.79,80340.51,579,18298.89,0,0,4353.59,2989,31,9863.42,2.6,2.8,0,0.0,0,1,0,0,1,0,0,0,1,0,0,1,0,0,0,0,0,0,0,1,0,0,0,0,1,0,0,0,0,0,1,0
50,9411,23.6,57881.03,85265.72,726,46538.23,0,1,1058.46,3817,156,5130.92,4.7,5.6,0,0.0,1,0,1,0,0,0,0,0,0,1,0,0,1,0,0,1,0,0,0,0,0,0,0,0,0,1,0,0,0,1,0,0
51,6684,54.9,112886.87,146266.49,720,9664.71,0,1,1854.22,1810,60,9343.36,2.6,1.1,0,0.0,0,1,0,1,0,0,0,0,1,0,0,0,1,0,0,0,0,0,0,1,0,0,0,0,1,0,0,0,0,0,0,1
52,9098,44.2,29940.59,54397.69,768,4875.42,0,0,1988.61,613,249,5232.08,1.6,4.3,0,0.0,1,0,0,0,0,1,0,0,1,0,0,0,1,0,0,0,0,0,1,0,0,0,0,0,0,0,1,0,0,1,0,0
53,3972,39.8,65074.79,93102.7,602,11688.63,1,1,1080.45,4557,270,2922.97,5.0,6.2,0,0.0,1,0,1,0,0,0,0,0,0,1,0,0,0,1,0,0,0,1,0,0,0,0,0,0,0,0,1,0,0,0,1,0
54,5453,59.2,69353.86,111744.57,632,991.43,1,1,311.7,3407,217,2676.32,7.0,6.4,0,0.0,1,0,1,0,0,0,0,0,0,1,0,0,0,0,1,0,0,0,0,0,1,0,0,0,0,0,1,0,1,0,0,0
55,6382,65.5,81715.73,105164.26,519,34350.22,0,0,196.46,3431,2,9295.76,5.3,6.4,1,191.86,0,1,0,1,0,0,0,0,1,0,0,0,0,1,0,0,0,0,0,0,1,0,0,0,1,0,0,0,1,0,0,0
56,5532,64.0,61959.66,67861.01,619,35013.21,0,0,33.62,3215,24,1732.74,7.6,7.0,1,27.04,0,1,0,0,1,0,0,0,1,0,0,0,0,0,1,0,0,0,0,0,1,0,0,0,0,0,1,0,0,1,0,0
57,5204,37.4,66161.01,122404.77,730,17734.66,0,1,4135.57,2224,206,5800.53,6.8,3.9,0,0.0,0,1,0,0,1,0,0,0,0,1,0,0,0,0,1,0,0,1,0,0,0,0,0,0,0,0,1,0,1,0,0,0
58,4972,45.4,52167.03,102888.84,613,8711.36,0,1,539.62,1192,199,5559.7,3.0,6.2,0,0.0,1,0,0,1,0,0,0,0,0,0,1,0,1,0,0,0,0,0,1,0,0,0,0,0,0,0,1,0,0,0,1,0
59,2244,55.0,65382.54,75998.6,701,32167.11,1,0,475.26,328,114,7398.82,5.3,9.7,1,398.13,1,0,0,1,0,0,0,0,0,1,0,1,0,0,0,0,0,0,0,1,0,0,0,0,0,0,1,0,0,0,1,0
60,7655,64.6,53136.15,93481.77,635,16179.56,0,0,2663.88,3377,280,4997.44,3.8,3.8,1,1762.99,1,0,0,0,1,0,0,0,1,0,0,0,1,0,0,0,0,0,0,0,1,0,0,0,0,1,0,0,0,1,0,0
61,1928,42.8,72431.44,94886.82,676,34966.22,1,0,771.37,1969,155,2730.13,6.1,8.5,0,0.0,0,1,0,0,1,0,0,0,0,0,1,1,0,0,0,0,0,0,1,0,0,0,0,0,0,0,1,0,0,0,1,0
62,6994,47.2,52607.79,86560.1,558,19964.05,0,1,1410.62,818,165,1702.27,3.8,7.2,1,1116.81,1,0,0,1,0,0,0,0,0,1,0,0,0,0,1,0,0,0,1,0,0,0,0,0,0,0,1,0,0,0,0,1
63,8740,33.4,67542.01,101955.37,657,30687.12,1,1,354.69,4975,222,6211.98,2.4,4.3,1,345.45,1,0,0,0,0,1,0,0,0,1,0,0,1,0,0,0,1,0,0,0,0,0,0,0,0,1,0,0,0,0,1,0
64,1606,32.1,59414.74,85898.63,411,18254.09,0,1,6425.08,2919,91,7192.72,6.7,4.5,0,0.0,0,1,0,1,0,0,0,0,0,1,0,1,0,0,0,0,1,0,0,0,0,0,0,0,0,1,0,0,0,1,0,0
65,7774,62.2,82521.01,100764.52,635,10693.52,1,0,3815.44,1407,167,5699.52,4.6,5.3,1,3636.32,0,1,1,0,0,0,0,0,0,1,0,0,0,1,0,0,0,0,0,0,1,0,0,0,1,0,0,0,0,0,0,1
66,9683,70.3,58972.13,78614.01,520,63375.95,0,1,3987.11,1979,207,7386.13,2.7,7.1,0,0.0,1,0,0,0,0,0,1,0,0,1,0,1,0,0,0,0,0,0,0,0,0,1,0,0,0,0,0,1,0,0,0,1
67,5397,48.9,24539.35,40796.47,746,15579.06,1,1,1044.36,3302,282,1423.8,3.0,6.0,1,599.16,1,0,1,0,0,0,0,0,1,0,0,0,1,0,0,0,0,0,1,0,0,0,0,0,0,0,1,0,1,0,0,0
68,1131,65.1,85238.43,102761.1,712,18581.92,0,0,2874.01,907,65,8825.88,2.7,3.8,0,0.0,1,0,1,0,0,0,0,0,0,1,0,0,0,1,0,0,0,0,0,0,1,0,0,0,0,0,1,0,0,0,1,0
69,2813,55.4,41885.35,70877.68,687,4981.73,0,0,310.68,3772,4,5828.13,2.0,0.5,1,222.99,0,1,1,0,0,0,0,0,1,0,0,1,0,0,0,0,0,0,0,1,0,0,0,0,0,0,1,0,0,1,0,0
70,1340,40.3,46924.67,66188.27,772,19651.32,1,1,17.31,1607,157,1277.17,3.0,6.7,1,10.82,1,0,0,1,0,0,0,0,0,0,1,1,0,0,0,0,0,1,0,0,0,0,0,0,1,0,0,0,1,0,0,0
71,2484,55.4,48086.77,88317.56,574,16954.32,1,1,40.35,3169,249,4624.63,4.7,0.5,1,34.03,0,1,0,0,0,1,0,1,0,0,0,1,0,0,0,0,0,0,0,1,0,0,0,0,0,0,1,0,1,0,0,0
72,1483,73.1,87488.76,139797.45,790,4087.38,1,0,1766.69,2522,257,8449.47,4.1,1.6,0,0.0,0,1,1,0,0,0,0,0,1,0,0,1,0,0,0,0,0,0,0,0,0,1,0,0,0,0,0,1,0,0,1,0
73,4671,49.5,17286.52,38585.72,725,1228.72,1,1,1215.39,2785,235,8976.65,3.1,4.0,0,0.0,0,1,0,0,0,0,1,0,0,1,0,1,0,0,0,0,0,0,1,0,0,0,0,0,0,1,0,0,0,0,1,0
74,2748,73.5,122754.97,156346.04,631,18544.98,1,0,1459.69,1933,74,2653.85,7.0,2.0,1,1397.24,1,0,0,1,0,0,0,0,1,0,0,0,0,1,0,0,0,0,0,0,0,1,0,0,1,0,0,0,0,1,0,0
75,4485,18.0,81121.14,118616.41,741,28852.41,0,1,14.98,1412,187,7115.55,0.5,5.8,0,0.0,1,0,0,1,0,0,0,0,1,0,0,0,0,0,1,1,0,0,0,0,0,0,0,0,0,1,0,0,1,0,0,0
76,7549,62.3,64464.78,101544.81,561,14821.61,0,1,1098.74,4270,62,1008.85,4.6,4.3,1,1062.14,1,0,0,1,0,0,0,0,1,0,0,0,0,1,0,0,0,0,0,0,1,0,0,0,0,0,1,0,0,1,0,0
77,8458,51.3,58902.12,90041.45,584,5143.64,0,1,2532.18,2352,164,345.12,3.7,7.0,1,1667.53,0,1,0,0,1,0,0,0,0,1,0,0,0,1,0,0,0,0,0,1,0,0,0,0,0,0,1,0,1,0,0,0
78,6844,45.5,65711.08,106851.32,601,21963.57,1,1,1169.28,2586,56,5608.39,2.1,1.0,0,0.0,1,0,1,0,0,0,0,1,0,0,0,0,0,1,0,0,0,0,1,0,0,0,0,0,0,0,1,0,1,0,0,0
79,2985,51.4,70422.45,107656.18,608,1669.93,0,1,2635.17,1891,111,6951.33,4.7,3.3,0,0.0,0,1,0,0,0,0,1,0,1,0,0,0,0,0,1,0,0,0,0,1,0,0,0,0,0,0,0,1,1,0,0,0
80,4588,20.2,72904.31,84339.38,565,11661.97,0,0,530.59,1896,218,7959.91,3.6,5.0,0,0.0,1,0,1,0,0,0,0,0,0,1,0,0,1,0,0,1,0,0,0,0,0,0,0,0,0,0,0,1,0,0,1,0
81,9093,46.7,71112.09,114149.43,748,3567.39,0,1,3354.81,4077,240,3408.76,6.5,5.1,0,0.0,0,1,0,0,0,1,0,0,1,0,0,0,0,0,1,0,0,0,1,0,0,0,0,0,1,0,0,0,1,0,0,0
82,3254,55.4,61791.61,105100.98,629,4078.07,1,0,1775.56,3205,21,75.19,5.7,6.7,0,0.0,0,1,0,1,0,0,0,0,1,0,0,0,0,1,0,0,0,0,0,1,0,0,0,0,0,1,0,0,1,0,0,0
83,1242,72.2,56053.23,74603.94,678,4520.3,0,0,473.38,1128,141,4800.4,7.8,2.7,1,378.21,0,1,0,0,0,0,1,1,0,0,0,1,0,0,0,0,0,0,0,0,0,1,0,0,0,0,1,0,1,0,0,0
84,1609,42.2,56974.53,87543.6,604,9778.25,0,0,540.26,1764,265,168.38,3.0,3.8,0,0.0,0,1,0,0,1,0,0,0,1,0,0,1,0,0,0,0,0,0,1,0,0,0,0,0,0,0,1,0,0,0,0,1
85,7558,37.9,56101.83,96351.77,504,1050.1,0,0,1977.89,4693,139,928.93,6.8,6.3,0,0.0,1,0,0,0,1,0,0,0,1,0,0,0,0,1,0,0,0,1,0,0,0,0,0,0,0,0,1,0,0,0,1,0
86,9688,42.5,82675.4,109535.69,672,10143.1,0,1,3543.2,3446,70,3273.62,1.7,0.5,0,0.0,1,0,0,0,1,0,0,0,0,1,0,1,0,0,0,0,0,0,1,0,0,0,0,0,0,0,1,0,0,0,0,1
87,5961,63.7,71871.13,117965.81,497,14336.81,0,0,1074.43,4656,118,4377.35,3.8,6.0,0,0.0,0,1,0,0,1,0,0,0,1,0,0,0,0,1,0,0,0,0,0,0,1,0,0,0,0,0,0,1,0,0,1,0
88,2515,54.9,15000.0,80458.09,645,13205.64,1,1,597.62,710,198,2801.9,3.1,6.9,1,466.21,1,0,1,0,0,0,0,0,1,0,0,1,0,0,0,0,0,0,0,1,0,0,0,0,0,1,0,0,0,1,0,0
89,7441,42.1,73118.02,91328.23,541,9650.73,1,1,4034.99,2100,205,5822.83,5.2,1.7,0,0.0,0,1,0,1,0,0,0,0,0,1,0,0,0,0,1,0,0,0,1,0,0,0,0,0,0,1,0,0,0,0,0,1
90,3086,57.7,63894.72,73179.05,809,36545.24,1,0,2212.9,4854,214,562.94,5.2,4.2,1,2175.34,1,0,0,1,0,0,0,0,0,1,0,0,1,0,0,0,0,0,0,1,0,0,0,0,1,0,0,0,0,1,0,0
91,3036,51.5,59625.82,94183.1,723,3140.72,0,1,1188.72,1759,56,1454.35,2.2,8.7,1,953.42,1,0,0,0,0,0,1,0,1,0,0,0,1,0,0,0,0,0,0,1,0,0,0,0,0,0,0,1,1,0,0,0
92,8570,64.5,52229.63,93053.07,658,14092.12,1,0,1338.47,2221,287,6955.63,5.3,6.6,1,1170.65,1,0,1,0,0,0,0,0,0,1,0,0,0,0,1,0,0,0,0,0,1,0,0,0,0,0,1,0,0,1,0,0
93,6106,39.5,82482.25,109019.26,751,1280.99,0,0,456.96,697,293,1429.99,3.2,6.1,1,442.41,0,1,0,0,1,0,0,0,1,0,0,0,0,0,1,0,0,1,0,0,0,0,0,0,0,1,0,0,0,1,0,0
94,4087,45.1,78950.53,130749.44,582,1476.28,0,1,1971.3,1642,175,6401.35,2.4,7.5,1,1568.76,1,0,1,0,0,0,0,0,0,1,0,0,0,1,0,0,0,0,1,0,0,0,0,0,0,1,0,0,0,1,0,0
95,4280,44.1,44542.45,54463.36,693,17060.02,1,0,888.65,710,128,556.3,4.0,9.5,1,449.68,1,0,0,1,0,0,0,0,0,1,0,0,0,1,0,0,0,0,1,0,0,0,0,0,0,0,0,1,0,1,0,0
96,8478,28.0,68141.05,108534.83,666,16695.06,0,0,10872.94,1002,292,4079.75,1.0,5.0,0,0.0,0,1,0,1,0,0,0,0,0,1,0,0,0,1,0,0,1,0,0,0,0,0,0,0,1,0,0,0,0,0,1,0
97,2714,54.4,40566.87,61478.95,671,42080.18,0,1,1308.56,2876,288,1782.32,5.9,4.0,1,1113.81,0,1,0,0,1,0,0,0,0,0,1,1,0,0,0,0,0,0,0,1,0,0,0,0,1,0,0,0,0,0,0,1
98,1967,53.9,32407.64,88198.31,752,16323.19,1,1,1330.62,2162,226,1105.27,3.9,7.5,0,0.0,1,0,1,0,0,0,0,1,0,0,0,0,0,1,0,0,0,0,0,1,0,0,0,0,0,0,1,0,0,0,1,0
99,1606,50.1,47465.66,107353.39,709,64273.3,0,0,1668.74,2493,64,5674.66,3.9,4.5,0,0.0,1,0,0,1,0,0,0,0,0,0,1,0,0,0,1,0,0,0,0,1,0,0,0,0,1,0,0,0,0,0,1,0
100,4283,46.5,77247.87,95748.02,673,998.41,1,1,4971.96,2559,48,9284.07,3.8,2.7,0,0.0,1,0,1,0,0,0,0,0,1,0,0,0,1,0,0,0,0,0,1,0,0,0,0,0,0,1,0,0,0,0,1,0
101,3712,28.8,79062.5,100819.14,518,2062.99,0,1,3227.07,2533,202,557.32,7.3,3.6,1,2049.59,1,0,0,1,0,0,0,0,0,1,0,1,0,0,0,0,1,0,0,0,0,0,0,0,1,0,0,0,0,1,0,0
102,3270,43.7,70261.71,113155.53,573,901.33,1,1,1199.79,4952,60,4221.33,7.0,5.8,1,902.62,1,0,1,0,0,0,0,0,1,0,0,0,0,1,0,0,0,0,1,0,0,0,0,0,0,0,1,0,0,0,1,0
103,1969,44.9,74501.92,98694.96,640,4098.14,0,0,2536.66,4422,257,7078.28,6.7,3.9,0,0.0,0,1,0,1,0,0,0,0,1,0,0,1,0,0,0,0,0,0,1,0,0,0,0,0,0,1,0,0,0,0,0,1
104,8893,38.0,70323.57,99642.4,657,15585.87,0,1,1764.92,3213,65,4632.25,3.8,4.1,0,0.0,0,1,0,0,1,0,0,1,0,0,0,1,0,0,0,0,0,1,0,0,0,0,0,0,1,0,0,0,0,0,1,0
105,5254,47.6,47170.37,77551.19,560,20745.01,1,1,1355.99,4063,239,8066.89,1.8,2.4,0,0.0,0,1,1,0,0,0,0,0,0,1,0,0,0,1,0,0,0,0,1,0,0,0,0,0,1,0,0,0,1,0,0,0
106,5106,56.1,68638.45,69843.35,843,933.14,0,1,427.17,3197,289,1804.66,4.0,8.6,1,418.49,1,0,1,0,0,0,0,0,1,0,0,1,0,0,0,0,0,0,0,1,0,0,0,0,0,0,0,1,0,1,0,0
107,9684,78.3,76008.19,105800.62,771,58364.65,0,1,1247.0,3027,38,9596.35,4.6,4.1,1,753.26,0,1,0,1,0,0,0,0,0,1,0,0,1,0,0,0,0,0,0,0,0,0,1,0,0,0,1,0,1,0,0,0
108,7319,52.6,75085.83,94739.91,698,36924.15,0,0,564.24,3257,25,3857.77,5.6,3.2,1,369.92,1,0,0,1,0,0,0,0,0,1,0,0,0,0,1,0,0,0,0,1,0,0,0,0,1,0,0,0,0,0,0,1
109,8109,53.9,83778.27,106381.43,656,7036.95,0,0,4926.5,2182,59,3422.28,4.6,3.5,0,0.0,1,0,1,0,0,0,0,0,1,0,0,0,0,0,1,0,0,0,0,1,0,0,0,0,0,0,0,1,0,0,0,1
110,7949,48.9,74166.08,125820.56,633,1606.58,0,0,817.16,1758,297,8747.31,1.9,7.0,0,0.0,1,0,1,0,0,0,0,0,1,0,0,0,1,0,0,0,0,0,1,0,0,0,0,0,0,1,0,0,0,0,0,1
111,8257,21.2,67028.96,78181.36,574,3723.87,0,0,6084.14,2054,158,5643.03,2.9,6.4,0,0.0,0,1,1,0,0,0,0,0,1,0,0,1,0,0,0,1,0,0,0,0,0,0,0,0,0,0,0,1,0,0,0,1
112,7430,49.6,81403.0,123601.08,656,2715.12,1,1,1523.09,359,57,5169.28,2.7,3.7,0,0.0,1,0,0,1,0,0,0,0,1,0,0,0,0,1,0,0,0,0,1,0,0,0,0,0,0,0,0,1,0,0,1,0
113,2342,50.9,59469.57,85285.13,671,2631.44,0,0,1996.87,2516,48,7272.51,5.1,5.1,1,1009.99,0,1,0,0,1,0,0,0,1,0,0,1,0,0,0,0,0,0,0,1,0,0,0,0,1,0,0,0,0,1,0,0
114,7677,86.9,42362.51,68166.1,551,14619.54,0,1,1565.88,1185,56,5802.54,5.1,5.7,0,0.0,1,0,0,0,0,0,1,0,1,0,0,0,1,0,0,0,0,0,0,0,0,0,0,1,1,0,0,0,0,0,0,1
115,4147,47.1,56738.66,98594.24,677,5643.21,0,1,277.1,1920,65,1633.53,5.4,3.2,0,0.0,0,1,0,0,1,0,0,1,0,0,0,1,0,0,0,0,0,0,1,0,0,0,0,0,1,0,0,0,1,0,0,0
116,4484,54.5,45101.95,80202.72,638,8867.69,0,0,942.64,4507,268,6745.23,4.6,1.1,1,692.5,0,1,0,1,0,0,0,0,0,0,1,0,0,0,1,0,0,0,0,1,0,0,0,0,0,0,0,1,0,0,0,1
117,4313,49.5,46496.43,85055.63,497,91137.76,1,0,208.82,2215,69,1343.35,0.5,6.3,1,116.59,1,0,1,0,0,0,0,0,1,0,0,1,0,0,0,0,0,0,1,0,0,0,0,0,0,1,0,0,0,1,0,0
118,7811,32.5,57109.63,101632.4,581,23060.16,0,1,1950.78,4968,216,8060.52,0.5,3.4,0,0.0,0,1,0,1,0,0,0,0,0,1,0,0,1,0,0,0,1,0,0,0,0,0,0,0,0,0,1,0,1,0,0,0
119,8291,67.1,44151.6,69181.98,617,59511.01,1,1,1184.34,2347,89,9897.47,3.7,6.1,1,607.24,0,1,0,1,0,0,0,0,1,0,0,0,0,0,1,0,0,0,0,0,0,1,0,0,0,0,0,1,1,0,0,0
120,5378,61.3,53840.77,74657.22,801,3076.0,0,0,3010.02,3651,281,3780.1,4.2,5.8,0,0.0,1,0,0,0,0,1,0,0,1,0,0,1,0,0,0,0,0,0,0,0,1,0,0,0,1,0,0,0,1,0,0,0
121,6882,61.9,22127.71,35850.45,695,9629.85,1,0,498.13,4521,257,4453.11,6.5,5.1,1,471.42,1,0,0,1,0,0,0,0,0,1,0,1,0,0,0,0,0,0,0,0,1,0,0,0,0,0,1,0,0,0,1,0
122,5576,36.4,64265.87,81884.72,543,16181.57,0,1,359.61,2541,160,473.87,4.2,3.9,1,338.91,1,0,1,0,0,0,0,1,0,0,0,0,0,0,1,0,0,1,0,0,0,0,0,0,0,1,0,0,0,0,0,1
123,1773,71.0,60024.11,134260.53,689,1597.28,1,1,1042.87,479,234,147.19,2.0,3.4,0,0.0,1,0,1,0,0,0,0,0,0,1,0,0,0,1,0,0,0,0,0,0,0,1,0,0,0,0,1,0,0,0,1,0
124,1060,29.0,43658.23,92328.42,526,83.92,0,0,5223.26,1384,131,9214.98,5.3,2.2,0,0.0,1,0,0,0,1,0,0,0,0,0,1,0,0,0,1,0,1,0,0,0,0,0,0,0,1,0,0,0,1,0,0,0
125,6249,58.8,73184.91,82918.8,737,22199.59,0,1,2478.66,1323,49,1294.95,4.0,3.5,1,1873.91,0,1,1,0,0,0,0,0,1,0,0,0,0,1,0,0,0,0,0,0,1,0,0,0,0,0,0,1,0,0,1,0
126,8633,82.9,78751.4,88914.53,612,20534.37,0,0,1085.75,2495,147,4463.33,3.2,6.4,1,617.2,0,1,0,1,0,0,0,0,1,0,0,0,1,0,0,0,0,0,0,0,0,0,0,1,0,0,0,1,0,0,1,0
127,9413,35.1,27848.8,65076.79,643,10579.41,0,0,1456.6,3132,2,8155.39,0.8,8.5,0,0.0,0,1,1,0,0,0,0,0,1,0,0,0,1,0,0,0,0,1,0,0,0,0,0,0,1,0,0,0,0,0,1,0
128,6366,41.5,44745.5,82954.48,756,13452.94,1,0,175.94,1879,145,8894.29,4.2,8.1,1,104.49,1,0,1,0,0,0,0,1,0,0,0,0,0,0,1,0,0,1,0,0,0,0,0,0,0,0,0,1,0,0,0,1
129,8197,51.5,44617.15,82850.41,547,10738.02,0,0,8343.65,3205,61,5198.78,4.5,5.4,1,7597.73,1,0,0,1,0,0,0,0,1,0,0,0,0,0,1,0,0,0,0,1,0,0,0,0,1,0,0,0,1,0,0,0
130,5044,42.4,41201.94,67377.6,538,485.96,0,0,2195.67,4311,273,5654.67,2.0,8.5,0,0.0,0,1,1,0,0,0,0,0,1,0,0,0,1,0,0,0,0,0,1,0,0,0,0,0,0,0,0,1,1,0,0,0
131,3203,26.7,76589.5,104707.68,603,8170.54,1,0,672.08,3229,49,6700.14,5.5,4.2,1,516.46,0,1,0,1,0,0,0,0,0,1,0,0,0,1,0,0,1,0,0,0,0,0,0,0,0,0,0,1,0,0,0,1
132,6879,51.0,56123.48,91041.67,733,3897.98,0,0,1762.85,1263,131,9614.21,5.3,1.8,1,1522.9,1,0,0,1,0,0,0,0,1,0,0,0,1,0,0,0,0,0,0,1,0,0,0,0,0,0,0,1,0,0,1,0
133,7401,34.1,54709.7,85998.1,528,2072.22,1,0,231.9,1467,43,6030.67,4.1,9.8,0,0.0,0,1,1,0,0,0,0,0,0,1,0,0,0,0,1,0,0,1,0,0,0,0,0,0,0,1,0,0,0,0,1,0
134,4091,57.1,19922.75,19922.75,423,62801.49,1,0,6753.2,3382,57,5599.16,4.0,6.3,1,5431.38,1,0,0,1,0,0,0,0,1,0,0,0,1,0,0,0,0,0,0,1,0,0,0,0,0,1,0,0,0,1,0,0
135,9128,36.2,72708.36,99261.37,614,18293.83,0,1,384.22,4060,50,155.2,5.9,1.2,1,327.13,1,0,1,0,0,0,0,0,1,0,0,0,0,0,1,0,0,1,0,0,0,0,0,0,1,0,0,0,0,1,0,0
136,9774,73.2,35214.83,52443.74,694,26087.38,1,0,2088.42,282,178,818.69,4.7,8.9,1,1517.0,1,0,0,0,1,0,0,0,1,0,0,0,0,0,1,0,0,0,0,0,0,1,0,0,0,1,0,0,0,1,0,0
137,7183,38.3,61198.65,93826.82,746,7577.35,0,0,563.28,48,293,5775.94,2.6,3.1,0,0.0,0,1,0,0,1,0,0,0,0,1,0,0,1,0,0,0,0,1,0,0,0,0,0,0,1,0,0,0,0,0,0,1
138,6721,45.2,65547.54,140326.42,613,9989.38,0,1,2528.59,2789,46,9363.04,3.6,3.7,0,0.0,1,0,0,1,0,0,0,0,0,1,0,0,0,1,0,0,0,0,1,0,0,0,0,0,0,0,1,0,1,0,0,0
139,6806,62.2,87213.17,122725.4,617,5407.95,0,1,2999.57,252,170,8668.25,5.1,7.6,1,2613.98,1,0,0,1,0,0,0,0,1,0,0,1,0,0,0,0,0,0,0,0,1,0,0,0,0,0,1,0,0,1,0,0
140,2243,31.5,33823.59,59120.65,742,2039.89,0,0,2238.16,32,271,9825.96,0.5,8.4,1,2126.09,1,0,0,1,0,0,0,0,0,1,0,0,1,0,0,0,1,0,0,0,0,0,0,0,0,1,0,0,1,0,0,0
141,7966,53.4,15000.0,58827.02,500,3945.41,1,1,1906.43,1289,139,5283.06,2.1,2.5,1,1733.32,1,0,1,0,0,0,0,0,0,1,0,1,0,0,0,0,0,0,0,1,0,0,0,0,0,0,1,0,1,0,0,0
142,5845,69.6,63676.99,100917.31,619,31941.7,1,1,4459.95,4979,247,7881.43,5.4,8.7,0,0.0,1,0,0,0,1,0,0,0,0,1,0,0,1,0,0,0,0,0,0,0,0,1,0,0,0,0,1,0,1,0,0,0
143,6610,25.9,96010.22,132311.64,665,22635.88,0,1,163.78,4353,148,8405.6,6.4,7.2,0,0.0,1,0,0,1,0,0,0,0,0,0,1,1,0,0,0,1,0,0,0,0,0,0,0,0,0,0,0,1,0,0,0,1
144,1417,52.8,84778.93,123881.69,686,15834.12,0,0,803.69,4624,230,6483.84,6.0,3.0,0,0.0,0,1,0,0,0,0,1,0,1,0,0,0,0,1,0,0,0,0,0,1,0,0,0,0,0,0,0,1,0,0,0,1
145,8536,53.9,64193.19,125041.34,609,12890.56,1,1,570.8,2598,280,3394.11,5.8,4.4,1,381.58,1,0,0,1,0,0,0,0,1,0,0,0,0,1,0,0,0,0,0,1,0,0,0,0,1,0,0,0,0,0,0,1
146,7445,61.7,50167.28,63203.95,653,51132.59,0,0,8848.03,1915,125,4705.08,4.3,8.8,1,4994.73,1,0,1,0,0,0,0,0,0,1,0,0,1,0,0,0,0,0,0,0,1,0,0,0,0,0,1,0,0,0,0,1
147,4503,31.4,76142.45,113246.93,451,1510.32,0,1,986.59,1329,192,8580.59,1.9,1.1,0,0.0,0,1,0,0,1,0,0,0,0,1,0,0,0,0,1,0,1,0,0,0,0,0,0,0,1,0,0,0,0,1,0,0
148,9460,30.2,40529.08,56633.36,597,6586.78,0,1,2638.11,2368,80,2992.49,3.6,8.5,1,2154.06,1,0,0,0,0,0,1,0,1,0,0,1,0,0,0,0,1,0,0,0,0,0,0,0,1,0,0,0,0,0,1,0
149,5895,57.8,69527.16,107859.85,686,8613.75,1,0,2308.62,1106,94,9238.19,0.5,7.1,0,0.0,1,0,0,0,1,0,0,0,1,0,0,0,0,0,1,0,0,0,0,1,0,0,0,0,0,0,1,0,0,0,1,0
150,2724,54.5,70109.4,86329.11,571,30504.31,0,1,476.72,3788,226,2305.77,6.6,6.3,1,300.15,1,0,0,0,1,0,0,0,0,1,0,0,0,0,1,0,0,0,0,1,0,0,0,0,0,1,0,0,0,0,1,0
151,5143,53.8,81204.2,104943.7,655,97896.07,1,0,546.24,3211,65,7497.67,2.4,5.3,1,521.34,0,1,1,0,0,0,0,0,0,1,0,0,0,0,1,0,0,0,0,1,0,0,0,0,0,0,1,0,0,1,0,0
152,6458,55.2,115193.2,140766.85,686,5506.39,1,1,660.58,4840,88,6309.29,2.9,9.9,0,0.0,0,1,0,0,1,0,0,0,0,1,0,0,0,1,0,0,0,0,0,1,0,0,0,0,0,0,0,1,0,0,1,0
153,8496,39.8,67848.32,112485.57,623,41478.31,0,0,1059.09,977,88,7498.5,6.1,10.3,0,0.0,1,0,0,1,0,0,0,0,1,0,0,0,1,0,0,0,0,1,0,0,0,0,0,0,0,0,1,0,0,1,0,0
154,6741,53.5,49820.73,93597.54,664,35512.54,0,0,534.0,3768,201,4379.1,0.8,3.5,0,0.0,1,0,0,0,0,0,1,0,1,0,0,0,1,0,0,0,0,0,0,1,0,0,0,0,0,1,0,0,0,1,0,0
155,4960,54.4,59488.51,70802.75,573,5089.01,1,0,39.69,2761,214,9327.08,1.6,6.5,1,35.07,0,1,1,0,0,0,0,0,0,1,0,0,0,1,0,0,0,0,0,1,0,0,0,0,1,0,0,0,0,1,0,0
156,2331,39.3,24618.48,55442.49,633,10194.28,0,1,4230.44,4037,204,6328.4,4.5,9.7,1,2995.4,1,0,0,0,1,0,0,0,0,1,0,0,0,1,0,0,0,1,0,0,0,0,0,0,1,0,0,0,0,0,1,0
157,6926,78.0,46105.74,65462.04,699,10541.57,1,0,6739.97,899,89,2890.08,5.0,3.0,1,3426.97,1,0,1,0,0,0,0,0,0,1,0,0,1,0,0,0,0,0,0,0,0,0,1,0,0,0,0,1,1,0,0,0
158,3783,57.1,51814.35,62936.78,663,76535.88,1,0,835.8,123,61,6388.17,3.9,5.6,1,676.18,1,0,1,0,0,0,0,0,0,0,1,0,0,0,1,0,0,0,0,1,0,0,0,0,0,0,0,1,0,0,1,0
159,2983,32.1,49518.23,76262.98,603,3990.78,1,0,826.51,3017,271,2875.29,3.9,7.5,1,439.33,1,0,1,0,0,0,0,0,0,1,0,1,0,0,0,0,1,0,0,0,0,0,0,0,0,0,0,1,0,0,1,0
160,8380,59.8,63047.1,88419.86,668,32104.73,1,1,14.23,4685,94,2943.39,6.5,0.5,1,7.88,0,1,0,0,1,0,0,0,1,0,0,1,0,0,0,0,0,0,0,0,1,0,0,0,1,0,0,0,0,0,0,1
161,4622,35.4,43551.6,109952.35,707,8135.1,1,1,2280.44,1805,27,4001.99,5.3,7.1,0,0.0,0,1,0,1,0,0,0,0,1,0,0,1,0,0,0,0,0,1,0,0,0,0,0,0,0,0,0,1,0,1,0,0
162,3696,61.8,82420.61,118915.01,486,26251.24,1,0,3490.97,2290,214,8525.78,5.0,2.3,0,0.0,0,1,0,1,0,0,0,0,1,0,0,0,0,0,1,0,0,0,0,0,1,0,0,0,0,0,1,0,1,0,0,0
163,4900,67.4,60004.14,69339.88,743,10894.92,0,0,317.07,465,74,5007.98,5.6,5.5,1,213.71,1,0,0,1,0,0,0,0,0,1,0,0,1,0,0,0,0,0,0,0,0,1,0,0,1,0,0,0,0,0,0,1
164,8866,37.7,59813.99,81342.38,623,17272.06,0,0,347.91,4977,61,6792.22,3.4,7.9,0,0.0,0,1,0,1,0,0,0,0,0,1,0,0,0,1,0,0,0,1,0,0,0,0,0,0,0,1,0,0,1,0,0,0
165,4595,64.5,53442.11,98762.86,684,35748.79,0,0,3122.09,4330,186,3925.76,8.3,0.5,0,0.0,0,1,0,0,0,0,1,0,1,0,0,0,1,0,0,0,0,0,0,0,1,0,0,0,1,0,0,0,1,0,0,0
166,1134,56.2,63103.81,124430.46,746,32609.71,1,0,1915.74,3174,31,2643.42,0.5,7.0,0,0.0,0,1,0,1,0,0,0,0,1,0,0,0,0,0,1,0,0,0,0,1,0,0,0,0,0,0,1,0,0,1,0,0
167,8284,62.3,76501.97,82712.22,540,40261.57,0,1,91.8,3617,219,9546.86,6.9,10.1,0,0.0,1,0,0,0,0,1,0,0,1,0,0,0,0,1,0,0,0,0,0,0,1,0,0,0,0,0,1,0,0,0,1,0
168,4827,78.5,42657.4,44458.53,593,1229.37,1,0,1948.62,106,12,6039.78,5.8,3.7,1,1232.99,1,0,1,0,0,0,0,0,1,0,0,0,0,0,1,0,0,0,0,0,0,0,1,0,0,0,0,1,0,1,0,0
169,2056,46.3,46837.67,104902.15,627,23556.39,0,0,738.99,845,32,9340.17,4.5,6.4,1,481.3,0,1,0,1,0,0,0,0,0,1,0,1,0,0,0,0,0,0,1,0,0,0,0,0,1,0,0,0,0,1,0,0
170,8915,38.7,53925.48,89769.69,587,3016.16,1,0,920.03,797,160,2042.1,4.2,8.3,1,583.66,0,1,0,0,1,0,0,0,0,0,1,1,0,0,0,0,0,1,0,0,0,0,0,0,1,0,0,0,0,0,0,1
171,2859,36.7,33082.58,50058.19,789,10750.87,0,1,2937.02,3715,237,1477.47,3.7,1.0,0,0.0,1,0,0,0,1,0,0,0,1,0,0,0,0,0,1,0,0,1,0,0,0,0,0,0,1,0,0,0,0,1,0,0
172,6672,37.8,43614.84,81634.28,581,15907.52,1,1,3331.33,135,227,8559.67,6.2,6.9,1,2676.49,0,1,1,0,0,0,0,0,0,1,0,0,0,1,0,0,0,1,0,0,0,0,0,0,0,1,0,0,0,0,1,0
173,1116,48.8,50475.58,50475.58,606,10308.04,0,1,1022.84,3946,181,6812.36,3.9,7.6,0,0.0,0,1,1,0,0,0,0,0,0,0,1,0,0,1,0,0,0,0,1,0,0,0,0,0,0,0,0,1,1,0,0,0
174,4915,55.1,77487.78,107538.42,666,14663.21,0,0,5880.71,2903,46,1873.92,2.5,6.6,0,0.0,0,1,0,0,1,0,0,0,1,0,0,0,1,0,0,0,0,0,0,1,0,0,0,0,0,0,1,0,0,1,0,0
175,1496,54.2,65251.23,100168.54,554,113250.75,0,0,1043.31,3376,80,2700.9,5.8,5.2,0,0.0,0,1,0,1,0,0,0,0,1,0,0,1,0,0,0,0,0,0,0,1,0,0,0,0,0,0,1,0,1,0,0,0
176,6421,62.4,63871.8,107735.85,618,2905.54,1,0,2955.38,3178,135,8008.63,7.2,2.5,0,0.0,0,1,0,0,0,1,0,0,1,0,0,0,1,0,0,0,0,0,0,0,1,0,0,0,0,0,0,1,0,1,0,0
177,7344,50.2,77017.96,91809.52,675,22506.69,0,0,1322.82,3178,260,4544.15,0.5,8.5,1,887.02,1,0,0,0,0,1,0,1,0,0,0,0,1,0,0,0,0,0,0,1,0,0,0,0,0,0,1,0,1,0,0,0
178,2185,71.8,57252.56,88537.87,623,10083.65,0,1,4556.42,1495,247,6708.7,8.7,5.1,1,3512.07,0,1,0,0,1,0,0,0,1,0,0,0,0,0,1,0,0,0,0,0,0,1,0,0,0,0,1,0,0,1,0,0
179,1539,46.0,67809.3,83927.93,643,2854.55,1,1,4766.75,2617,159,3190.34,1.9,2.7,0,0.0,1,0,0,1,0,0,0,0,0,1,0,0,0,0,1,0,0,0,1,0,0,0,0,0,0,0,0,1,0,0,0,1
180,5885,90.0,57935.56,91766.32,608,3457.01,1,1,182.95,274,203,3818.49,2.1,4.2,1,149.41,0,1,0,0,1,0,0,0,0,1,0,0,1,0,0,0,0,0,0,0,0,0,0,1,0,0,1,0,1,0,0,0
181,6198,59.4,65307.25,81877.05,529,59625.98,1,1,5513.22,2655,112,9907.22,1.5,5.9,1,4031.52,1,0,0,1,0,0,0,0,0,0,1,1,0,0,0,0,0,0,0,0,1,0,0,0,1,0,0,0,0,1,0,0
182,9529,37.1,48344.83,72223.31,676,42338.96,0,0,3492.06,3879,292,2483.69,4.0,1.1,0,0.0,1,0,0,1,0,0,0,0,0,1,0,0,0,0,1,0,0,1,0,0,0,0,0,0,0,1,0,0,0,1,0,0
183,8970,33.9,15000.0,30062.77,790,47512.14,0,1,3133.82,1435,119,5069.5,1.4,5.0,1,2013.25,0,1,0,1,0,0,0,0,1,0,0,0,1,0,0,0,1,0,0,0,0,0,0,0,0,0,0,1,0,0,0,1
184,5440,57.2,57314.42,97081.46,651,95431.05,1,0,448.57,1011,17,8445.58,1.7,4.0,0,0.0,1,0,1,0,0,0,0,0,1,0,0,0,1,0,0,0,0,0,0,1,0,0,0,0,0,1,0,0,0,0,0,1
185,9187,46.6,88454.96,131331.73,668,4671.84,0,0,3270.73,3838,227,2399.84,2.6,8.3,1,2657.5,0,1,0,0,0,0,1,0,1,0,0,0,1,0,0,0,0,0,1,0,0,0,0,0,0,0,1,0,0,0,0,1
186,1007,60.7,78524.31,105005.0,705,8783.73,1,1,3796.01,171,117,4157.99,4.3,0.5,1,2377.38,1,0,0,0,1,0,0,0,1,0,0,0,1,0,0,0,0,0,0,0,1,0,0,0,0,0,1,0,1,0,0,0
187,4727,57.1,79307.95,109881.52,548,22125.98,0,0,682.59,922,43,6154.76,4.5,7.3,1,569.6,0,1,0,0,1,0,0,0,0,0,1,0,1,0,0,0,0,0,0,1,0,0,0,0,1,0,0,0,1,0,0,0
188,3111,48.9,84722.61,92993.74,786,13225.32,0,0,6083.97,2429,115,4817.07,6.5,8.5,0,0.0,0,1,1,0,0,0,0,0,0,1,0,0,1,0,0,0,0,0,1,0,0,0,0,0,0,0,0,1,0,0,0,1
189,5384,37.3,61773.15,87278.0,666,10839.09,0,0,102.29,4670,283,4600.43,6.4,0.5,0,0.0,0,1,1,0,0,0,0,0,0,1,0,0,0,0,1,0,0,1,0,0,0,0,0,0,0,0,1,0,0,0,1,0
190,7386,27.3,63946.31,93193.24,781,8857.46,0,1,324.82,2990,37,3631.47,6.0,0.7,1,318.02,1,0,1,0,0,0,0,0,0,1,0,1,0,0,0,0,1,0,0,0,0,0,0,0,0,0,0,1,0,0,1,0
191,4362,43.3,47646.96,116958.86,591,18017.24,0,1,1542.57,2229,113,5870.6,3.5,9.5,1,779.4,1,0,0,0,0,1,0,1,0,0,0,0,1,0,0,0,0,0,1,0,0,0,0,0,0,0,0,1,0,1,0,0
192,7884,62.8,53678.54,66999.04,795,17141.27,0,0,1715.06,1499,35,6247.48,0.5,2.7,0,0.0,1,0,0,1,0,0,0,0,1,0,0,0,0,1,0,0,0,0,0,0,1,0,0,0,0,0,0,1,0,0,1,0
193,9752,53.2,72315.42,124278.08,712,3521.81,1,1,2072.12,2730,132,6536.36,0.5,12.7,0,0.0,0,1,0,0,0,0,1,0,0,1,0,0,0,0,1,0,0,0,0,1,0,0,0,0,0,0,0,1,0,1,0,0
194,9575,31.3,84077.69,129030.57,694,12763.33,0,0,34.23,3035,228,712.98,6.0,0.5,1,28.13,1,0,1,0,0,0,0,1,0,0,0,0,0,0,1,0,1,0,0,0,0,0,0,0,0,0,0,1,1,0,0,0
195,2109,52.6,57211.07,91420.62,669,16125.05,1,0,6456.17,4888,147,6314.03,5.7,5.4,1,3277.2,0,1,1,0,0,0,0,1,0,0,0,0,1,0,0,0,0,0,0,1,0,0,0,0,0,1,0,0,1,0,0,0
196,9481,55.8,50996.21,107375.52,630,16892.75,1,1,91.23,3404,122,9532.84,2.8,4.9,1,84.9,1,0,0,0,1,0,0,1,0,0,0,0,0,0,1,0,0,0,0,1,0,0,0,0,1,0,0,0,0,0,1,0
197,6961,36.7,60010.56,95592.14,746,4717.16,0,1,308.78,4749,81,5414.45,1.1,4.5,1,176.85,0,1,1,0,0,0,0,0,0,0,1,0,1,0,0,0,0,1,0,0,0,0,0,0,0,0,0,1,1,0,0,0
198,6602,52.3,72024.13,107861.52,661,27116.96,0,1,28.23,685,173,7155.52,1.9,6.2,0,0.0,0,1,0,0,0,0,1,0,0,1,0,1,0,0,0,0,0,0,0,1,0,0,0,0,0,1,0,0,0,0,0,1
199,2506,50.9,31122.9,60326.09,493,510.44,1,0,1673.38,2798,154,5571.76,4.3,6.3,1,849.71,0,1,0,0,0,0,1,0,1,0,0,1,0,0,0,0,0,0,0,1,0,0,0,0,0,0,1,0,0,0,0,1
200,3368,32.9,15000.0,63353.53,561,8764.89,1,1,5384.36,72,150,8548.86,4.4,4.6,0,0.0,0,1,1,0,0,0,0,0,1,0,0,0,0,0,1,0,1,0,0,0,0,0,0,0,0,0,0,1,0,0,1,0
201,3763,55.4,48989.26,95436.3,635,30301.9,1,1,2192.91,2341,58,9296.54,6.1,2.5,0,0.0,1,0,0,1,0,0,0,1,0,0,0,0,0,0,1,0,0,0,0,1,0,0,0,0,0,0,1,0,0,0,1,0
202,2376,58.4,35585.75,56200.59,675,16597.35,1,1,3459.34,1690,63,1850.36,3.1,7.6,0,0.0,0,1,1,0,0,0,0,0,1,0,0,0,0,1,0,0,0,0,0,0,1,0,0,0,0,0,0,1,0,1,0,0
203,2693,66.2,49837.2,60048.49,645,6053.54,1,0,26.74,4721,156,4374.23,3.5,6.6,0,0.0,1,0,0,0,0,0,1,0,1,0,0,0,0,0,1,0,0,0,0,0,0,1,0,0,0,1,0,0,1,0,0,0
204,8771,65.8,57044.39,83999.68,748,23745.8,0,1,1561.84,2254,168,3929.9,6.3,5.3,1,1124.62,0,1,0,1,0,0,0,0,1,0,0,0,0,1,0,0,0,0,0,0,1,0,0,0,0,1,0,0,0,1,0,0
205,4319,29.3,50935.03,68934.45,494,16758.42,0,1,1230.75,2140,166,4058.1,0.5,6.5,1,691.26,1,0,1,0,0,0,0,0,0,1,0,1,0,0,0,0,1,0,0,0,0,0,0,0,0,1,0,0,0,1,0,0
206,4390,35.9,89049.35,118096.48,661,31816.6,1,0,1382.17,987,85,1263.99,4.6,6.9,0,0.0,0,1,1,0,0,0,0,0,1,0,0,1,0,0,0,0,0,1,0,0,0,0,0,0,1,0,0,0,0,0,0,1
207,4944,57.7,66534.9,115096.47,505,26562.41,0,0,149.91,590,137,8138.02,3.3,3.1,1,121.82,0,1,0,0,1,0,0,0,0,0,1,0,1,0,0,0,0,0,0,1,0,0,0,0,0,0,1,0,0,0,0,1
208,5781,57.7,66009.49,89149.96,711,18837.71,1,0,2306.78,1360,189,367.3,5.4,6.4,0,0.0,1,0,0,1,0,0,0,0,0,0,1,1,0,0,0,0,0,0,0,1,0,0,0,0,1,0,0,0,0,0,0,1
209,1520,57.7,72444.14,101801.79,642,13395.55,0,1,1399.22,1342,2,5286.98,5.0,3.6,1,1174.4,0,1,0,0,1,0,0,0,0,1,0,0,0,1,0,0,0,0,0,1,0,0,0,0,0,0,0,1,0,0,0,1
210,8220,90.0,37223.34,68093.68,684,2858.53,0,1,2897.61,1851,106,6622.17,2.6,7.0,0,0.0,0,1,0,0,0,0,1,0,0,1,0,0,0,0,1,0,0,0,0,0,0,0,0,1,0,0,1,0,0,1,0,0
211,5195,58.6,80782.24,123508.7,581,6058.16,1,1,1328.31,3032,72,2082.62,3.0,4.5,1,868.34,1,0,0,1,0,0,0,0,0,1,0,0,1,0,0,0,0,0,0,0,1,0,0,0,0,1,0,0,0,0,0,1
212,4310,67.0,58484.71,58484.71,752,10863.51,0,1,323.58,3433,126,9059.44,0.5,6.5,1,208.38,1,0,0,1,0,0,0,0,1,0,0,0,0,1,0,0,0,0,0,0,0,1,0,0,0,0,1,0,1,0,0,0
213,2541,64.3,73409.61,94309.11,733,18290.81,0,1,2089.71,4975,170,8387.11,5.5,3.9,1,2000.93,0,1,0,0,0,1,0,1,0,0,0,0,0,0,1,0,0,0,0,0,1,0,0,0,0,1,0,0,0,0,0,1
214,4726,59.8,38562.86,71732.11,697,14418.91,0,0,378.42,2681,205,4716.13,4.5,6.7,1,353.4,0,1,0,1,0,0,0,0,0,1,0,0,1,0,0,0,0,0,0,0,1,0,0,0,1,0,0,0,0,0,0,1
215,3609,45.3,28924.82,76926.01,640,6798.73,1,0,4117.62,1844,195,4117.38,6.8,2.6,1,2820.88,1,0,0,0,0,0,1,0,1,0,0,1,0,0,0,0,0,0,1,0,0,0,0,0,1,0,0,0,0,0,0,1
216,8572,61.4,76357.79,98979.26,696,129.71,0,0,1899.26,1771,158,2373.31,3.2,5.1,0,0.0,0,1,1,0,0,0,0,1,0,0,0,0,0,1,0,0,0,0,0,0,1,0,0,0,0,1,0,0,0,0,1,0
217,5842,38.4,67528.19,69379.9,593,13713.08,1,0,342.06,4731,141,7302.63,5.8,7.5,1,323.95,0,1,0,1,0,0,0,0,1,0,0,0,0,0,1,0,0,1,0,0,0,0,0,0,0,1,0,0,1,0,0,0
218,5032,46.4,41958.97,81254.64,718,6726.97,0,0,6558.21,3838,275,1326.12,1.9,6.2,0,0.0,0,1,0,0,0,0,1,0,1,0,0,0,1,0,0,0,0,0,1,0,0,0,0,0,0,0,0,1,1,0,0,0
219,4514,42.7,42606.74,63076.3,782,26530.97,1,1,1461.14,2907,7,6805.58,0.5,5.5,0,0.0,1,0,1,0,0,0,0,0,1,0,0,0,1,0,0,0,0,0,1,0,0,0,0,0,1,0,0,0,0,1,0,0
220,9832,51.2,82508.7,94663.7,736,484.75,1,0,151.38,3300,54,8426.15,3.8,9.5,0,0.0,1,0,1,0,0,0,0,0,1,0,0,1,0,0,0,0,0,0,0,1,0,0,0,0,1,0,0,0,0,1,0,0
221,4907,84.7,36211.76,56846.58,592,17581.24,0,0,1971.46,4113,104,2292.43,2.9,7.6,1,1459.13,0,1,1,0,0,0,0,0,0,1,0,0,0,0,1,0,0,0,0,0,0,0,0,1,0,0,0,1,0,0,0,1
222,9548,22.0,92853.46,120085.58,679,56765.76,0,0,583.91,775,61,8665.61,1.9,7.1,0,0.0,0,1,1,0,0,0,0,0,1,0,0,1,0,0,0,1,0,0,0,0,0,0,0,0,1,0,0,0,0,0,1,0
223,4530,60.3,41987.59,62916.42,547,3833.12,0,0,3256.16,587,87,342.9,5.8,6.6,0,0.0,0,1,0,1,0,0,0,0,1,0,0,1,0,0,0,0,0,0,0,0,1,0,0,0,0,1,0,0,0,1,0,0
224,9795,25.8,72767.84,72767.84,696,12759.91,1,1,3405.54,3331,258,9128.75,6.4,7.0,0,0.0,1,0,1,0,0,0,0,1,0,0,0,0,0,0,1,1,0,0,0,0,0,0,0,0,0,0,1,0,0,1,0,0
225,2892,42.9,53427.63,96883.62,686,1917.49,0,1,7721.46,971,178,1192.44,4.2,9.1,0,0.0,0,1,0,0,0,1,0,0,1,0,0,0,0,0,1,0,0,0,1,0,0,0,0,0,0,0,1,0,0,0,0,1
226,7970,66.3,72063.75,121186.87,500,19652.99,1,1,1393.79,4053,242,6461.13,3.6,4.0,1,1072.36,0,1,0,1,0,0,0,0,1,0,0,0,0,0,1,0,0,0,0,0,0,1,0,0,1,0,0,0,0,0,0,1
227,4605,51.0,49117.72,88890.55,557,15993.8,0,0,1213.78,2326,203,2508.32,4.1,7.5,1,763.26,1,0,0,0,1,0,0,0,0,1,0,0,0,1,0,0,0,0,0,1,0,0,0,0,0,0,0,1,0,1,0,0
228,7088,33.8,56744.14,69678.86,627,10463.55,0,1,2800.59,969,31,8367.16,2.7,5.9,1,1913.14,0,1,1,0,0,0,0,0,1,0,0,0,0,0,1,0,1,0,0,0,0,0,0,0,0,1,0,0,0,1,0,0
229,1779,39.3,60818.38,87796.01,626,14736.84,0,1,284.21,1640,289,5127.88,5.1,4.0,1,203.81,1,0,0,0,1,0,0,0,0,1,0,0,1,0,0,0,0,1,0,0,0,0,0,0,0,0,1,0,1,0,0,0
230,9962,60.2,39956.25,69858.43,553,45378.11,0,1,1583.35,1755,80,1361.06,0.9,4.8,0,0.0,0,1,0,1,0,0,0,0,0,1,0,1,0,0,0,0,0,0,0,0,1,0,0,0,0,1,0,0,0,0,1,0
231,8389,39.0,74816.49,113798.4,681,4370.44,0,0,1580.41,1014,11,5714.21,1.9,5.5,0,0.0,0,1,0,0,0,1,0,0,1,0,0,0,0,1,0,0,0,1,0,0,0,0,0,0,1,0,0,0,1,0,0,0
232,1099,53.2,49735.73,89760.84,670,456.46,1,1,187.46,1617,254,4084.75,2.4,2.9,0,0.0,0,1,1,0,0,0,0,0,0,0,1,0,0,0,1,0,0,0,0,1,0,0,0,0,1,0,0,0,0,1,0,0
233,9888,50.7,55428.0,74415.39,634,39561.52,1,1,1082.51,4051,287,6617.86,5.1,7.2,0,0.0,1,0,0,1,0,0,0,0,0,1,0,0,0,1,0,0,0,0,0,1,0,0,0,0,0,0,1,0,1,0,0,0
234,4356,40.2,40113.01,71342.95,590,17213.2,0,1,3838.52,1366,176,8820.21,3.4,4.7,1,2709.16,1,0,0,1,0,0,0,0,1,0,0,0,0,0,1,0,0,1,0,0,0,0,0,0,1,0,0,0,1,0,0,0
235,2126,82.2,15000.0,51859.21,734,44265.58,1,1,3878.02,3167,126,4099.8,6.7,5.2,1,2944.98,1,0,0,1,0,0,0,1,0,0,0,0,0,1,0,0,0,0,0,0,0,0,0,1,0,0,0,1,0,1,0,0
236,9345,59.5,56179.44,108016.78,782,18173.66,1,0,209.03,691,47,2905.91,5.6,8.4,1,108.03,0,1,1,0,0,0,0,0,0,1,0,1,0,0,0,0,0,0,0,0,1,0,0,0,1,0,0,0,0,0,0,1
237,5449,19.6,108252.31,148819.91,611,33231.59,1,1,190.21,62,206,155.01,2.4,5.3,0,0.0,1,0,1,0,0,0,0,0,1,0,0,1,0,0,0,1,0,0,0,0,0,0,0,0,1,0,0,0,0,1,0,0
238,4021,52.8,75692.09,117527.94,601,11230.92,0,0,609.51,3444,107,5752.64,5.3,8.9,0,0.0,0,1,0,0,1,0,0,0,1,0,0,0,1,0,0,0,0,0,0,1,0,0,0,0,1,0,0,0,0,0,0,1
239,9026,40.1,59614.79,90872.19,689,27714.68,0,1,4155.14,1186,275,4028.72,3.2,3.7,1,3003.08,0,1,1,0,0,0,0,0,1,0,0,0,1,0,0,0,0,1,0,0,0,0,0,0,0,1,0,0,0,1,0,0
240,7034,62.8,54742.18,105899.07,621,48846.48,0,0,276.0,3156,123,3752.75,4.9,2.3,0,0.0,1,0,0,1,0,0,0,0,0,1,0,0,0,0,1,0,0,0,0,0,1,0,0,0,0,1,0,0,0,1,0,0
241,7092,38.1,60449.32,96595.76,639,16978.39,1,0,2545.91,90,134,1837.52,5.7,4.3,1,1860.85,0,1,1,0,0,0,0,0,1,0,0,1,0,0,0,0,0,1,0,0,0,0,0,0,0,0,1,0,0,1,0,0
242,8238,48.3,70942.38,88026.06,709,3988.18,0,0,213.31,3958,107,4306.25,6.2,0.5,0,0.0,0,1,0,0,1,0,0,0,1,0,0,0,0,1,0,0,0,0,1,0,0,0,0,0,0,0,1,0,0,0,1,0
243,7821,57.6,36383.74,87434.29,497,6261.3,0,1,1951.75,1573,50,9844.58,4.4,7.3,0,0.0,0,1,0,1,0,0,0,0,1,0,0,0,0,1,0,0,0,0,0,1,0,0,0,0,0,0,1,0,0,0,0,1
244,5438,63.0,82286.43,122754.98,755,4429.01,0,0,880.32,301,95,2984.56,7.2,2.4,1,649.51,0,1,0,1,0,0,0,0,0,1,0,0,0,1,0,0,0,0,0,0,1,0,0,0,1,0,0,0,0,0,1,0
245,5378,32.0,74307.63,97661.97,656,5670.0,0,1,3110.98,4106,268,6001.05,4.9,3.5,0,0.0,0,1,0,1,0,0,0,0,1,0,0,0,1,0,0,0,1,0,0,0,0,0,0,0,0,1,0,0,0,1,0,0
246,8743,45.0,74363.71,97171.32,617,7317.64,1,1,532.34,3418,23,7767.1,4.3,6.8,0,0.0,1,0,0,0,1,0,0,0,0,1,0,0,0,1,0,0,0,0,1,0,0,0,0,0,0,0,0,1,1,0,0,0
247,4066,42.9,68769.51,103218.15,643,16199.63,0,0,2038.87,2782,54,7494.09,3.4,5.3,0,0.0,0,1,0,0,1,0,0,0,1,0,0,0,1,0,0,0,0,0,1,0,0,0,0,0,1,0,0,0,0,0,1,0
248,6477,40.2,60392.33,97340.11,647,17734.23,0,0,537.54,2739,254,3294.46,2.7,3.9,0,0.0,1,0,1,0,0,0,0,0,0,1,0,0,1,0,0,0,0,1,0,0,0,0,0,0,1,0,0,0,0,0,0,1
249,4975,76.5,73457.22,106416.61,512,11119.94,1,0,2501.15,1184,235,6112.49,4.8,0.5,1,1837.5,1,0,0,0,1,0,0,0,0,0,1,0,0,0,1,0,0,0,0,0,0,0,1,0,1,0,0,0,0,1,0,0
250,4856,56.1,71836.28,106505.91,770,19112.11,1,1,4137.84,4435,59,8713.93,4.2,8.3,0,0.0,0,1,0,0,1,0,0,0,1,0,0,0,0,1,0,0,0,0,0,1,0,0,0,0,0,0,0,1,0,0,1,0
251,9764,31.1,52919.19,108418.55,653,1701.9,1,1,271.19,3883,164,164.32,4.5,6.8,0,0.0,0,1,1,0,0,0,0,0,0,1,0,0,0,1,0,0,1,0,0,0,0,0,0,0,0,0,1,0,1,0,0,0
252,8034,63.8,48527.96,94601.11,685,1837.66,1,0,4028.74,1775,259,4362.99,5.0,10.1,0,0.0,0,1,0,0,0,0,1,0,0,1,0,1,0,0,0,0,0,0,0,0,1,0,0,0,0,0,0,1,0,0,1,0
253,8921,81.8,62037.13,94896.66,726,3770.72,1,0,1800.71,3462,216,2250.49,4.5,3.5,1,1385.27,1,0,0,1,0,0,0,0,0,1,0,0,0,0,1,0,0,0,0,0,0,0,1,0,0,0,1,0,0,0,0,1
254,5318,65.5,90980.4,135100.06,568,14599.44,0,1,271.89,367,183,3892.44,8.0,1.4,1,169.99,0,1,0,1,0,0,0,1,0,0,0,1,0,0,0,0,0,0,0,0,1,0,0,0,0,0,0,1,0,0,1,0
255,1745,27.2,35217.86,49730.0,688,4815.83,0,1,1115.63,39,57,4165.74,2.9,7.5,1,1054.86,1,0,0,1,0,0,0,0,0,0,1,0,0,0,1,0,1,0,0,0,0,0,0,0,0,1,0,0,1,0,0,0
256,2403,42.7,30649.49,66618.4,629,6661.52,1,1,350.76,4174,145,7469.24,4.9,4.5,0,0.0,0,1,0,1,0,0,0,0,1,0,0,0,0,1,0,0,0,0,1,0,0,0,0,0,1,0,0,0,1,0,0,0
257,4109,69.0,63295.22,120434.81,718,10226.94,1,1,2410.27,760,90,947.28,3.5,6.6,0,0.0,1,0,1,0,0,0,0,0,1,0,0,0,1,0,0,0,0,0,0,0,0,1,0,0,1,0,0,0,0,0,0,1
258,5000,39.4,61017.75,87747.07,480,33412.03,1,0,2844.82,4920,45,5130.71,0.5,9.0,0,0.0,0,1,0,0,0,0,1,0,1,0,0,0,1,0,0,0,0,1,0,0,0,0,0,0,1,0,0,0,1,0,0,0
259,1533,56.7,63466.83,80752.32,642,279.18,0,0,223.64,1678,257,5646.31,3.6,6.0,1,113.32,0,1,0,1,0,0,0,1,0,0,0,0,1,0,0,0,0,0,0,1,0,0,0,0,0,0,1,0,0,1,0,0
260,1953,61.6,64879.06,85097.73,602,20960.98,0,0,1411.01,4258,21,4946.63,2.1,5.4,0,0.0,1,0,0,1,0,0,0,0,1,0,0,0,1,0,0,0,0,0,0,0,1,0,0,0,0,0,0,1,1,0,0,0
261,7532,36.1,55535.95,69191.46,685,22105.28,0,0,3370.75,3684,21,7321.41,3.9,5.6,1,2001.57,1,0,1,0,0,0,0,0,1,0,0,0,1,0,0,0,0,1,0,0,0,0,0,0,0,1,0,0,0,1,0,0
262,3881,49.1,89797.27,108025.84,688,32054.79,0,0,5502.85,2160,52,3844.07,3.9,0.9,0,0.0,0,1,0,0,0,0,1,0,1,0,0,1,0,0,0,0,0,0,1,0,0,0,0,0,0,0,0,1,0,0,1,0
263,1981,18.0,27981.92,52424.3,593,53987.64,0,0,1441.11,4501,171,9450.22,4.8,7.8,1,1095.26,1,0,1,0,0,0,0,0,1,0,0,0,0,0,1,1,0,0,0,0,0,0,0,0,1,0,0,0,0,1,0,0
264,9889,34.6,43430.06,52346.55,593,406.87,1,0,6002.66,2426,67,4823.22,2.9,7.9,1,5042.17,1,0,1,0,0,0,0,0,0,1,0,0,0,1,0,0,0,1,0,0,0,0,0,0,0,1,0,0,0,1,0,0
265,7028,46.2,57934.9,88169.18,641,3339.61,0,1,1534.4,4396,113,5716.43,3.2,6.3,1,832.99,1,0,0,1,0,0,0,0,1,0,0,1,0,0,0,0,0,0,1,0,0,0,0,0,0,1,0,0,0,0,1,0
266,7730,31.3,27136.22,70670.38,578,43461.21,0,1,1002.38,1536,160,8257.05,5.4,1.2,1,732.2,1,0,0,1,0,0,0,0,1,0,0,0,0,0,1,0,1,0,0,0,0,0,0,0,1,0,0,0,1,0,0,0
267,5275,74.5,56482.91,72866.57,717,12268.93,0,1,3770.42,2188,266,2759.61,2.4,4.7,0,0.0,0,1,0,0,0,1,0,0,1,0,0,0,1,0,0,0,0,0,0,0,0,0,1,0,0,0,0,1,0,1,0,0
268,1288,28.5,93229.4,146018.66,620,16629.37,1,1,1358.42,2946,232,761.27,0.5,8.6,0,0.0,0,1,0,0,0,1,0,0,0,1,0,0,0,0,1,0,1,0,0,0,0,0,0,0,1,0,0,0,1,0,0,0
269,7255,43.4,60417.73,98079.61,417,21755.06,0,0,1276.95,4201,68,7080.76,4.3,3.6,0,0.0,0,1,0,1,0,0,0,0,1,0,0,0,0,0,1,0,0,0,1,0,0,0,0,0,0,0,0,1,0,0,1,0
270,9527,52.0,64614.02,110072.73,620,22730.43,0,1,1347.91,3259,28,4835.29,6.1,8.0,1,838.97,1,0,0,0,0,1,0,0,1,0,0,0,1,0,0,0,0,0,0,1,0,0,0,0,0,1,0,0,0,0,0,1
271,2030,71.6,34796.7,54929.19,567,53688.74,0,0,3751.83,3633,116,8966.08,5.4,5.1,1,3220.11,1,0,1,0,0,0,0,0,1,0,0,0,1,0,0,0,0,0,0,0,0,1,0,0,0,1,0,0,1,0,0,0
272,1602,28.5,47672.77,90490.65,519,115848.45,0,1,3566.89,1696,51,9826.97,4.4,6.8,1,2849.82,0,1,0,0,0,0,1,0,0,1,0,0,1,0,0,0,1,0,0,0,0,0,0,0,1,0,0,0,1,0,0,0
273,2164,67.4,52496.07,66117.06,551,25470.56,1,0,1033.42,4454,181,3997.1,6.5,4.0,1,626.15,0,1,1,0,0,0,0,0,1,0,0,0,0,1,0,0,0,0,0,0,0,1,0,0,0,1,0,0,0,0,0,1
274,5975,50.2,53645.7,96999.41,659,6771.68,1,1,810.83,4166,260,4160.24,6.2,5.2,0,0.0,1,0,1,0,0,0,0,0,1,0,0,0,1,0,0,0,0,0,0,1,0,0,0,0,0,0,1,0,0,0,0,1
275,3884,35.3,85632.88,118210.47,756,42364.05,0,0,1354.26,2999,79,4085.55,3.3,6.1,1,966.54,1,0,1,0,0,0,0,0,1,0,0,0,0,1,0,0,0,1,0,0,0,0,0,0,0,1,0,0,0,0,1,0
276,4547,56.9,71153.82,109452.59,675,1009.47,0,0,1700.88,2719,273,3252.3,4.5,2.3,0,0.0,1,0,0,0,1,0,0,0,1,0,0,0,1,0,0,0,0,0,0,1,0,0,0,0,0,0,1,0,1,0,0,0
277,8065,53.0,37770.84,50136.92,601,5255.39,1,1,544.5,2356,108,7819.05,4.6,5.7,0,0.0,0,1,0,1,0,0,0,0,1,0,0,0,0,1,0,0,0,0,0,1,0,0,0,0,0,1,0,0,1,0,0,0
278,8078,41.0,64930.1,81504.05,686,45535.56,0,0,3159.32,2840,74,7592.37,3.8,0.5,1,2597.85,0,1,0,1,0,0,0,1,0,0,0,0,0,0,1,0,0,1,0,0,0,0,0,0,1,0,0,0,0,0,1,0
279,8792,51.0,69964.43,108922.86,613,5919.43,0,1,1332.94,2546,175,4791.66,6.3,3.5,1,1151.9,0,1,1,0,0,0,0,0,0,1,0,1,0,0,0,0,0,0,0,1,0,0,0,0,1,0,0,0,1,0,0,0
280,3098,44.2,82802.98,98577.76,594,4985.93,0,1,813.07,3501,184,456.17,3.7,6.4,0,0.0,1,0,0,0,1,0,0,1,0,0,0,0,0,0,1,0,0,0,1,0,0,0,0,0,0,0,1,0,0,1,0,0
281,9048,51.7,91610.81,128558.91,558,2972.91,1,1,225.94,42,23,3102.5,3.0,7.8,0,0.0,0,1,0,1,0,0,0,0,1,0,0,0,0,0,1,0,0,0,0,1,0,0,0,0,1,0,0,0,0,1,0,0
282,5761,59.9,39698.12,49191.05,510,39195.77,0,1,545.84,3000,274,2930.11,0.5,6.2,1,505.23,1,0,0,0,1,0,0,0,0,1,0,0,1,0,0,0,0,0,0,0,1,0,0,0,0,1,0,0,0,1,0,0
283,2975,73.8,43782.85,86505.46,619,13865.27,0,1,5962.92,3651,129,8112.76,2.4,1.5,0,0.0,0,1,0,0,0,1,0,0,0,1,0,0,0,1,0,0,0,0,0,0,0,1,0,0,0,1,0,0,1,0,0,0
284,3133,31.4,34848.44,46360.59,663,22472.03,1,0,727.97,3713,291,884.88,1.4,7.6,1,690.57,1,0,0,1,0,0,0,0,0,1,0,1,0,0,0,0,1,0,0,0,0,0,0,0,1,0,0,0,0,1,0,0
285,8818,82.0,55319.6,93604.1,642,5464.18,0,1,369.91,3503,186,8058.7,3.9,2.2,1,349.72,1,0,0,0,1,0,0,0,1,0,0,0,1,0,0,0,0,0,0,0,0,0,1,0,0,1,0,0,0,1,0,0
286,8051,20.7,69327.17,108711.63,617,28379.69,0,1,1234.87,3152,59,6695.14,1.5,6.5,0,0.0,1,0,1,0,0,0,0,0,1,0,0,0,1,0,0,1,0,0,0,0,0,0,0,0,0,0,0,1,0,0,1,0
287,6037,47.7,79746.69,99295.11,574,28542.79,1,1,733.7,3494,1,7327.09,5.2,2.2,0,0.0,0,1,0,0,0,0,1,0,1,0,0,0,1,0,0,0,0,0,1,0,0,0,0,0,0,0,0,1,0,0,1,0
288,5432,58.8,58480.98,97211.38,699,7496.72,0,0,71.58,682,131,4327.81,6.2,3.1,0,0.0,0,1,0,1,0,0,0,0,1,0,0,0,0,0,1,0,0,0,0,0,1,0,0,0,0,1,0,0,0,0,0,1
289,3210,54.2,53603.05,87509.68,545,10575.81,1,1,780.6,650,67,6800.46,3.9,2.6,0,0.0,0,1,0,0,1,0,0,0,1,0,0,0,0,1,0,0,0,0,0,1,0,0,0,0,1,0,0,0,0,0,0,1
290,4133,40.7,63035.16,84952.53,712,4706.61,0,1,1571.0,3820,293,6094.2,2.0,5.3,1,1339.58,1,0,0,0,1,0,0,0,0,1,0,0,0,1,0,0,0,1,0,0,0,0,0,0,0,0,1,0,0,0,0,1
291,6465,46.9,43297.14,58168.82,570,75067.1,0,1,1604.64,1675,285,7692.11,4.6,4.5,0,0.0,1,0,0,0,0,0,1,0,0,1,0,1,0,0,0,0,0,0,1,0,0,0,0,0,1,0,0,0,0,0,0,1
292,3524,42.6,101790.77,102351.39,590,20746.73,0,0,881.85,2273,89,4473.23,7.8,6.3,0,0.0,1,0,0,0,1,0,0,0,1,0,0,0,0,1,0,0,0,0,1,0,0,0,0,0,0,0,1,0,0,0,1,0
293,3134,41.2,27846.78,63091.53,533,54527.51,0,0,1185.89,4542,100,4733.53,7.2,5.0,1,734.24,1,0,1,0,0,0,0,0,0,1,0,0,0,1,0,0,0,1,0,0,0,0,0,0,1,0,0,0,0,0,1,0
294,9606,62.7,63694.81,70222.77,610,7230.46,0,0,6734.63,4789,189,6439.33,1.2,1.2,1,6314.13,1,0,1,0,0,0,0,0,0,1,0,0,1,0,0,0,0,0,0,0,1,0,0,0,0,1,0,0,0,0,1,0
295,3708,55.4,100472.12,131902.29,728,30455.2,1,1,947.54,3521,241,1089.69,1.1,5.7,0,0.0,0,1,0,0,0,0,1,0,1,0,0,0,1,0,0,0,0,0,0,1,0,0,0,0,0,0,0,1,0,1,0,0
296,1753,39.6,60136.0,86184.27,691,29036.61,0,1,597.42,3741,270,4368.08,0.6,0.6,0,0.0,1,0,1,0,0,0,0,0,1,0,0,0,0,0,1,0,0,1,0,0,0,0,0,0,1,0,0,0,0,1,0,0
297,6179,63.5,56199.22,96386.36,728,23530.76,0,0,558.02,3718,219,9719.79,1.7,2.8,0,0.0,0,1,0,1,0,0,0,0,0,0,1,0,1,0,0,0,0,0,0,0,1,0,0,0,0,0,1,0,0,0,0,1
298,4826,54.6,52851.09,78320.41,692,67416.65,0,0,1224.11,1409,176,385.15,4.5,4.1,0,0.0,0,1,0,0,0,0,1,0,0,0,1,0,1,0,0,0,0,0,0,1,0,0,0,0,0,0,0,1,0,1,0,0
299,2469,62.2,56392.17,81450.45,562,10002.84,1,0,2850.24,4273,233,3166.89,2.9,3.9,0,0.0,1,0,0,0,1,0,0,0,1,0,0,0,1,0,0,0,0,0,0,0,1,0,0,0,0,0,1,0,1,0,0,0
300,1184,59.4,87456.97,128435.03,624,2801.74,0,0,461.31,2075,151,3147.96,2.3,0.9,0,0.0,0,1,0,0,1,0,0,0,1,0,0,0,1,0,0,0,0,0,0,0,1,0,0,0,0,1,0,0,0,0,1,0
301,1476,37.6,15762.76,50788.63,588,22277.09,0,1,2470.9,3078,277,6338.31,6.1,8.4,1,1704.47,0,1,0,1,0,0,0,0,1,0,0,0,0,0,1,0,0,1,0,0,0,0,0,0,0,0,0,1,0,0,0,1
302,6753,41.6,90668.67,125411.01,756,26135.61,0,1,42.75,1418,229,1066.95,5.1,9.1,0,0.0,1,0,0,0,1,0,0,0,1,0,0,0,1,0,0,0,0,1,0,0,0,0,0,0,0,0,1,0,0,0,0,1
303,4535,61.2,31520.86,68559.87,554,17116.17,0,0,1085.78,431,171,6289.15,0.6,10.6,0,0.0,0,1,1,0,0,0,0,0,0,1,0,1,0,0,0,0,0,0,0,0,1,0,0,0,1,0,0,0,1,0,0,0
304,8844,59.2,54666.95,61633.37,721,4634.05,0,1,2991.01,2683,223,959.45,6.0,7.9,1,2464.1,1,0,0,0,1,0,0,0,1,0,0,1,0,0,0,0,0,0,0,0,1,0,0,0,0,1,0,0,0,1,0,0
305,2460,49.7,51415.11,92766.94,721,14041.98,1,0,827.2,4354,213,958.59,5.0,4.0,0,0.0,0,1,0,1,0,0,0,1,0,0,0,1,0,0,0,0,0,0,1,0,0,0,0,0,0,1,0,0,0,0,0,1
306,7636,51.8,71771.07,110958.1,796,7484.85,0,1,1659.02,3953,282,7284.55,5.1,4.0,0,0.0,0,1,0,0,1,0,0,0,1,0,0,1,0,0,0,0,0,0,0,1,0,0,0,0,0,1,0,0,0,1,0,0
307,8947,69.2,28037.51,42787.27,617,11153.68,0,0,458.77,297,41,3248.11,2.9,3.8,0,0.0,0,1,0,0,0,1,0,0,1,0,0,0,1,0,0,0,0,0,0,0,0,1,0,0,1,0,0,0,0,1,0,0
308,4846,41.1,69243.45,95582.25,707,20725.07,0,0,2709.56,4251,122,9774.46,3.6,10.0,0,0.0,0,1,0,1,0,0,0,0,1,0,0,1,0,0,0,0,0,1,0,0,0,0,0,0,1,0,0,0,1,0,0,0
309,6107,58.2,100486.19,129896.58,833,27346.68,1,0,107.39,1755,227,383.16,0.5,4.7,0,0.0,1,0,0,0,0,1,0,0,0,1,0,0,1,0,0,0,0,0,0,0,1,0,0,0,0,0,0,1,0,0,0,1
310,7839,47.0,32736.52,60719.07,601,5285.16,0,1,3828.43,1142,294,4456.62,5.7,8.2,1,1946.61,0,1,1,0,0,0,0,0,1,0,0,0,0,0,1,0,0,0,1,0,0,0,0,0,1,0,0,0,0,1,0,0
311,1577,46.7,63794.12,98802.02,527,10394.82,0,1,441.78,2705,88,1140.23,2.0,8.0,1,301.51,1,0,0,0,0,0,1,0,0,1,0,1,0,0,0,0,0,0,1,0,0,0,0,0,0,0,0,1,0,1,0,0
312,6903,66.5,46760.36,98230.86,500,6271.26,0,1,4149.27,4814,267,3520.28,2.3,5.5,1,2642.49,0,1,0,0,1,0,0,0,0,1,0,0,0,1,0,0,0,0,0,0,0,1,0,0,0,1,0,0,1,0,0,0
313,5412,62.4,68517.74,114744.25,707,4428.69,0,0,869.36,1310,29,9982.24,2.2,1.4,0,0.0,1,0,1,0,0,0,0,0,0,1,0,1,0,0,0,0,0,0,0,0,1,0,0,0,0,0,0,1,1,0,0,0
314,9509,62.2,60382.96,70699.67,499,30592.88,0,0,2565.19,1262,247,8889.54,7.6,4.8,1,1714.07,1,0,0,0,1,0,0,1,0,0,0,1,0,0,0,0,0,0,0,0,1,0,0,0,0,0,1,0,0,1,0,0
315,3656,69.6,47170.26,86501.31,620,47993.53,0,0,769.05,4406,244,492.76,2.7,5.4,0,0.0,1,0,0,0,0,0,1,0,0,1,0,0,1,0,0,0,0,0,0,0,0,1,0,0,0,1,0,0,1,0,0,0
316,2481,50.3,69757.45,119691.45,685,9248.08,0,1,4727.04,4568,61,5636.93,5.9,8.2,1,3568.76,0,1,1,0,0,0,0,0,1,0,0,1,0,0,0,0,0,0,0,1,0,0,0,0,0,1,0,0,0,1,0,0
317,9735,60.2,96086.96,131889.09,665,27828.46,0,0,270.81,1893,147,6481.74,4.0,5.0,0,0.0,0,1,1,0,0,0,0,0,0,1,0,0,0,1,0,0,0,0,0,0,1,0,0,0,0,0,0,1,0,0,0,1
318,2013,45.3,56181.92,102546.63,684,45459.61,0,1,393.29,4962,174,2103.25,2.3,2.0,1,344.15,0,1,0,0,1,0,0,0,0,0,1,0,1,0,0,0,0,0,1,0,0,0,0,0,0,1,0,0,0,0,1,0
319,7614,54.9,74395.16,134579.22,668,37432.19,0,1,1358.61,4514,278,1459.6,2.0,7.5,0,0.0,1,0,0,0,1,0,0,0,0,1,0,0,1,0,0,0,0,0,0,1,0,0,0,0,1,0,0,0,1,0,0,0
320,8743,48.0,34134.54,79490.18,752,4037.76,0,1,170.98,646,142,9044.77,2.7,4.4,0,0.0,0,1,0,0,1,0,0,0,1,0,0,0,0,0,1,0,0,0,1,0,0,0,0,0,0,0,1,0,0,0,1,0
321,1365,51.5,40871.27,74610.9,574,62604.43,1,0,436.26,176,44,9688.48,3.9,0.5,0,0.0,1,0,0,0,1,0,0,1,0,0,0,0,0,0,1,0,0,0,0,1,0,0,0,0,0,0,0,1,0,1,0,0
322,5675,58.9,69448.13,115124.45,596,9453.79,1,0,5756.48,4646,144,9919.01,5.2,5.8,1,3806.32,1,0,1,0,0,0,0,1,0,0,0,1,0,0,0,0,0,0,0,0,1,0,0,0,0,0,0,1,0,1,0,0
323,6343,37.7,89682.32,121855.64,588,8287.31,1,0,7500.63,4755,55,7899.72,3.1,6.3,0,0.0,0,1,0,0,1,0,0,0,0,1,0,0,0,0,1,0,0,1,0,0,0,0,0,0,0,1,0,0,0,1,0,0
324,4483,81.4,67112.27,97470.81,716,1289.31,1,1,944.04,3707,161,6638.39,3.0,2.9,1,846.34,1,0,0,1,0,0,0,1,0,0,0,0,0,0,1,0,0,0,0,0,0,0,1,0,1,0,0,0,0,0,1,0
325,5309,34.9,53738.84,78467.63,722,13317.4,1,1,5135.34,318,285,3463.85,2.2,4.5,1,4936.18,0,1,1,0,0,0,0,0,1,0,0,0,0,0,1,0,0,1,0,0,0,0,0,0,0,1,0,0,0,1,0,0
326,3334,31.8,59985.83,113437.03,686,2308.52,1,0,1574.15,1439,198,1722.27,1.6,6.6,1,1311.48,0,1,0,1,0,0,0,0,1,0,0,0,1,0,0,0,1,0,0,0,0,0,0,0,0,1,0,0,1,0,0,0
327,9689,67.4,34991.85,52715.42,745,5714.74,0,0,628.72,43,159,799.02,1.4,5.8,1,388.43,1,0,1,0,0,0,0,0,0,1,0,0,1,0,0,0,0,0,0,0,0,1,0,0,0,0,0,1,0,0,0,1
328,3257,61.9,72090.31,125075.82,556,7623.53,1,1,2424.0,286,80,6936.04,6.0,1.1,0,0.0,1,0,1,0,0,0,0,0,0,1,0,0,1,0,0,0,0,0,0,0,1,0,0,0,0,1,0,0,0,0,0,1
329,7213,59.4,77646.66,115144.62,783,33091.46,0,1,2151.17,1751,31,7849.39,2.9,8.1,0,0.0,1,0,1,0,0,0,0,0,1,0,0,0,0,0,1,0,0,0,0,0,1,0,0,0,0,0,1,0,1,0,0,0
330,3980,59.4,50958.19,59968.6,772,41667.17,0,0,9042.64,1453,112,8266.27,3.1,9.3,1,5484.63,0,1,0,0,1,0,0,0,1,0,0,0,1,0,0,0,0,0,0,0,1,0,0,0,0,1,0,0,0,0,0,1
331,2537,49.8,50599.16,86113.9,709,7204.09,1,1,615.9,4983,46,9138.51,2.7,3.7,1,391.42,0,1,1,0,0,0,0,0,1,0,0,0,0,0,1,0,0,0,1,0,0,0,0,0,0,1,0,0,0,0,1,0
332,9893,36.5,65317.56,65317.56,793,39137.13,0,0,2229.85,3020,205,8800.5,3.4,0.5,0,0.0,1,0,1,0,0,0,0,0,1,0,0,0,1,0,0,0,0,1,0,0,0,0,0,0,0,0,0,1,0,1,0,0
333,3395,51.1,51265.61,90648.23,517,38930.54,0,0,106.85,1225,52,9997.42,4.7,6.9,0,0.0,1,0,0,1,0,0,0,0,1,0,0,0,1,0,0,0,0,0,0,1,0,0,0,0,0,1,0,0,0,1,0,0
334,7722,39.8,58677.35,101955.82,608,28933.71,1,1,241.28,4589,138,2448.2,3.0,3.3,1,206.71,1,0,1,0,0,0,0,0,0,1,0,0,0,1,0,0,0,1,0,0,0,0,0,0,1,0,0,0,0,1,0,0
335,9023,64.6,101994.44,123109.1,591,3172.77,0,1,10.0,4395,74,7635.44,4.4,6.3,1,9.63,0,1,0,1,0,0,0,0,1,0,0,1,0,0,0,0,0,0,0,0,1,0,0,0,0,0,0,1,0,0,1,0
336,5757,47.8,55059.49,86912.7,708,23444.5,0,1,15050.41,1274,41,5868.73,6.8,10.5,1,8190.71,1,0,0,1,0,0,0,0,0,1,0,0,0,0,1,0,0,0,1,0,0,0,0,0,0,1,0,0,0,0,1,0
337,1030,37.6,52833.2,112145.56,566,58017.19,1,0,3241.74,3253,77,2619.84,2.4,1.1,1,3167.78,0,1,1,0,0,0,0,0,1,0,0,0,0,1,0,0,0,1,0,0,0,0,0,0,0,0,1,0,0,0,1,0
338,2850,45.2,47049.16,69462.96,711,22948.1,1,1,3090.33,3500,187,9819.23,3.1,3.0,1,2968.76,0,1,0,0,1,0,0,0,1,0,0,0,1,0,0,0,0,0,1,0,0,0,0,0,0,0,1,0,1,0,0,0
339,1945,56.2,74883.84,89000.23,760,8057.87,0,0,1425.58,4197,52,8980.0,5.3,4.5,1,751.28,1,0,1,0,0,0,0,0,0,0,1,0,0,0,1,0,0,0,0,1,0,0,0,0,0,0,0,1,0,0,1,0
340,9516,41.5,56375.52,108600.47,706,13886.13,0,0,713.54,3999,87,1293.87,7.0,8.2,1,485.32,0,1,1,0,0,0,0,0,0,1,0,0,1,0,0,0,0,1,0,0,0,0,0,0,0,0,0,1,0,0,0,1
341,8887,37.7,47012.54,106451.35,673,20753.64,0,1,328.01,1336,109,271.32,1.5,13.9,1,297.37,1,0,1,0,0,0,0,0,0,1,0,1,0,0,0,0,0,1,0,0,0,0,0,0,0,1,0,0,1,0,0,0
342,2955,53.7,86426.08,116481.52,571,14290.29,1,0,670.04,2151,225,6886.42,0.6,5.6,1,539.91,0,1,0,0,0,0,1,0,0,1,0,0,0,1,0,0,0,0,0,1,0,0,0,0,1,0,0,0,1,0,0,0
343,1437,53.7,88392.06,133564.01,582,2555.6,0,1,943.12,2432,248,6045.26,4.0,0.9,0,0.0,0,1,1,0,0,0,0,0,0,1,0,1,0,0,0,0,0,0,0,1,0,0,0,0,0,1,0,0,1,0,0,0
344,4602,42.4,47991.53,98113.67,750,7481.19,0,1,2823.72,526,69,9358.8,3.8,4.1,0,0.0,1,0,1,0,0,0,0,0,0,1,0,0,0,1,0,0,0,0,1,0,0,0,0,0,0,0,1,0,0,0,1,0
345,7367,42.9,22669.2,41531.94,712,32429.81,0,0,1551.59,3429,120,2347.71,5.4,3.1,1,1161.19,1,0,0,1,0,0,0,0,0,0,1,0,1,0,0,0,0,0,1,0,0,0,0,0,1,0,0,0,1,0,0,0
346,7846,53.5,80150.27,102870.69,647,39525.87,0,0,161.3,3636,67,853.04,5.1,6.8,0,0.0,1,0,1,0,0,0,0,0,0,1,0,1,0,0,0,0,0,0,0,1,0,0,0,0,1,0,0,0,0,0,1,0
347,3205,28.3,46307.4,94770.52,617,2953.77,1,0,36.39,939,61,2599.56,3.9,5.9,1,28.82,1,0,1,0,0,0,0,0,0,1,0,1,0,0,0,0,1,0,0,0,0,0,0,0,1,0,0,0,0,0,1,0
348,3092,28.9,75812.51,131087.73,488,60892.88,0,0,215.91,402,191,199.09,6.1,2.4,0,0.0,1,0,1,0,0,0,0,0,1,0,0,0,1,0,0,0,1,0,0,0,0,0,0,0,0,1,0,0,1,0,0,0
349,4229,39.2,20597.92,59041.14,564,7974.44,1,1,1056.96,4487,189,368.57,2.6,2.9,1,847.53,1,0,1,0,0,0,0,0,1,0,0,1,0,0,0,0,0,1,0,0,0,0,0,0,0,0,1,0,0,1,0,0
350,8717,46.8,77851.95,94654.73,803,21712.76,0,1,5411.89,1374,151,9149.43,4.4,4.1,0,0.0,1,0,1,0,0,0,0,0,1,0,0,0,0,0,1,0,0,0,1,0,0,0,0,0,0,0,0,1,0,1,0,0
351,6850,54.7,35776.56,95582.48,548,27872.43,1,0,2028.92,353,286,3526.65,1.6,4.4,1,1607.91,0,1,1,0,0,0,0,0,0,1,0,0,0,1,0,0,0,0,0,1,0,0,0,0,0,1,0,0,1,0,0,0
352,7394,72.1,74615.28,96650.72,665,33420.55,1,0,3237.22,2461,96,4113.98,3.9,4.9,1,3232.4,1,0,0,0,1,0,0,0,1,0,0,0,0,1,0,0,0,0,0,0,0,1,0,0,0,0,0,1,0,1,0,0
353,7178,62.9,60285.46,85258.39,731,58282.94,0,1,1256.12,4700,263,193.53,1.1,5.1,0,0.0,0,1,0,0,1,0,0,0,0,1,0,0,0,1,0,0,0,0,0,0,1,0,0,0,1,0,0,0,0,0,0,1
354,9155,47.6,40921.21,76056.28,550,7506.08,0,1,897.79,4861,97,2712.51,1.8,8.1,1,785.04,1,0,0,0,1,0,0,0,0,1,0,0,0,0,1,0,0,0,1,0,0,0,0,0,1,0,0,0,0,0,0,1
355,3229,49.7,51859.27,105171.68,665,39110.02,0,0,229.48,2814,113,8049.21,7.4,4.0,1,191.29,1,0,0,0,0,1,0,0,0,0,1,0,0,1,0,0,0,0,1,0,0,0,0,0,0,1,0,0,0,0,1,0
356,1192,35.0,73726.37,116536.01,725,2824.06,1,0,4173.87,2423,125,6158.75,0.5,3.6,0,0.0,0,1,0,1,0,0,0,0,0,1,0,0,1,0,0,0,0,1,0,0,0,0,0,0,0,0,1,0,0,1,0,0
357,3417,49.7,62117.89,98340.87,651,24418.37,0,1,3057.19,3950,132,7540.27,3.6,1.7,1,2618.82,1,0,0,1,0,0,0,0,1,0,0,1,0,0,0,0,0,0,1,0,0,0,0,0,1,0,0,0,0,0,0,1
358,6477,45.7,71688.26,108637.59,850,27094.19,1,0,368.13,1245,121,4477.67,5.7,4.4,1,214.26,1,0,0,1,0,0,0,0,1,0,0,0,0,0,1,0,0,0,1,0,0,0,0,0,0,0,0,1,1,0,0,0
359,7406,54.8,99528.81,130181.53,517,22646.89,1,0,1435.95,1725,197,3104.19,8.4,5.6,0,0.0,0,1,1,0,0,0,0,0,0,1,0,0,0,1,0,0,0,0,0,1,0,0,0,0,0,0,0,1,0,1,0,0
360,9238,37.6,28715.17,67087.26,735,5815.46,1,1,1336.42,1937,294,4833.27,4.4,0.7,1,1114.43,1,0,0,0,0,0,1,1,0,0,0,0,1,0,0,0,0,1,0,0,0,0,0,0,0,1,0,0,0,0,0,1
361,6197,57.8,92344.25,92344.25,636,41278.16,1,1,1962.15,4844,122,3237.48,4.5,4.1,0,0.0,1,0,0,1,0,0,0,0,0,1,0,1,0,0,0,0,0,0,0,1,0,0,0,0,0,0,0,1,0,0,0,1
362,7580,73.0,62087.12,87638.01,712,3699.1,0,1,5844.48,810,282,8391.32,4.1,7.9,0,0.0,0,1,0,0,0,0,1,0,1,0,0,1,0,0,0,0,0,0,0,0,0,1,0,0,0,0,1,0,1,0,0,0
363,3558,48.4,42024.32,75644.15,685,1102.53,0,1,1733.91,1049,260,2983.76,6.1,6.6,1,1632.58,1,0,0,1,0,0,0,0,0,0,1,0,0,0,1,0,0,0,1,0,0,0,0,0,1,0,0,0,0,0,1,0
364,5688,56.0,33393.73,46128.52,591,25279.06,0,1,1554.0,3295,39,6601.04,4.9,5.9,1,1225.36,0,1,0,0,0,0,1,0,1,0,0,0,0,0,1,0,0,0,0,1,0,0,0,0,0,0,0,1,1,0,0,0
365,3440,60.4,56217.59,92012.44,668,12905.27,1,0,103.27,1433,54,1378.45,2.8,6.6,1,69.91,1,0,1,0,0,0,0,0,0,0,1,0,0,0,1,0,0,0,0,0,1,0,0,0,0,0,0,1,0,0,1,0
366,3728,44.0,78433.0,105365.93,501,37822.5,1,0,129.95,1456,161,6871.8,6.2,3.6,1,118.31,1,0,0,1,0,0,0,0,0,1,0,0,1,0,0,0,0,0,1,0,0,0,0,0,1,0,0,0,0,0,0,1
367,5988,53.4,57449.02,113781.15,698,9670.6,1,0,414.9,693,289,9133.86,3.1,3.2,1,369.78,1,0,1,0,0,0,0,0,1,0,0,0,1,0,0,0,0,0,0,1,0,0,0,0,0,1,0,0,0,0,1,0
368,5998,50.2,90223.1,143818.39,674,3685.15,0,0,66.02,2677,200,6089.75,0.8,8.2,1,50.97,0,1,0,1,0,0,0,0,0,1,0,0,0,0,1,0,0,0,0,1,0,0,0,0,0,0,0,1,0,0,0,1
369,8682,51.5,30976.49,53989.4,701,36211.78,0,1,2720.11,40,276,5602.96,0.8,7.1,1,1569.99,1,0,0,1,0,0,0,0,1,0,0,0,0,1,0,0,0,0,0,1,0,0,0,0,0,1,0,0,0,0,0,1
370,4544,38.4,59758.22,87495.66,735,15921.75,1,1,2569.86,1068,16,9611.57,3.6,3.1,0,0.0,1,0,1,0,0,0,0,0,0,0,1,1,0,0,0,0,0,1,0,0,0,0,0,0,0,1,0,0,0,1,0,0
371,8225,50.4,34952.13,63842.92,679,4194.57,0,1,292.5,2855,173,6277.69,4.2,0.5,1,254.25,0,1,0,0,1,0,0,0,0,1,0,1,0,0,0,0,0,0,0,1,0,0,0,0,0,0,0,1,0,0,1,0
372,9483,57.5,67272.64,90497.75,662,25486.76,0,1,3616.74,3033,248,2602.91,5.9,3.2,1,3266.06,1,0,1,0,0,0,0,0,1,0,0,0,1,0,0,0,0,0,0,1,0,0,0,0,0,0,1,0,0,0,1,0
373,3617,71.8,77737.75,110663.12,580,14312.5,1,0,336.33,4710,218,2930.99,5.3,6.4,1,215.13,0,1,1,0,0,0,0,0,0,1,0,1,0,0,0,0,0,0,0,0,0,1,0,0,0,1,0,0,0,0,1,0
374,5196,64.4,51584.76,70210.53,593,18542.63,0,0,716.71,1105,87,7056.01,4.2,3.4,1,490.23,1,0,1,0,0,0,0,0,1,0,0,0,0,1,0,0,0,0,0,0,1,0,0,0,0,0,0,1,1,0,0,0
375,2516,82.3,15000.0,28040.77,745,12357.02,0,1,572.64,3118,82,7357.01,6.0,5.8,1,308.55,0,1,0,0,1,0,0,0,1,0,0,1,0,0,0,0,0,0,0,0,0,0,0,1,0,1,0,0,0,1,0,0
376,4972,38.5,63978.96,103319.63,765,35287.83,0,1,931.41,1819,62,3041.93,4.0,8.5,0,0.0,0,1,0,1,0,0,0,0,0,0,1,0,1,0,0,0,0,1,0,0,0,0,0,0,1,0,0,0,0,1,0,0
377,1516,63.1,68734.77,108177.71,631,35387.76,0,1,587.84,3066,287,3459.99,1.4,4.8,0,0.0,0,1,1,0,0,0,0,0,1,0,0,0,1,0,0,0,0,0,0,0,1,0,0,0,0,0,1,0,0,1,0,0
378,1069,52.8,68085.9,86021.16,654,24715.38,1,1,1342.58,4868,42,9910.65,1.0,5.6,0,0.0,1,0,0,1,0,0,0,0,0,1,0,0,0,1,0,0,0,0,0,1,0,0,0,0,0,0,1,0,1,0,0,0
379,1535,82.8,84715.64,128145.98,578,2227.6,0,1,1046.5,3683,12,1028.51,6.6,6.7,1,525.52,0,1,0,1,0,0,0,0,0,1,0,0,0,1,0,0,0,0,0,0,0,0,0,1,1,0,0,0,0,0,1,0
380,1131,37.9,38578.93,59105.26,744,36508.87,0,1,8620.45,3205,234,4052.4,0.5,2.3,1,7091.7,1,0,0,0,1,0,0,0,0,1,0,1,0,0,0,0,0,1,0,0,0,0,0,0,1,0,0,0,0,0,1,0
381,6552,37.4,73604.32,107401.8,703,22234.74,0,0,115.1,4329,131,633.85,3.6,3.1,0,0.0,0,1,0,1,0,0,0,0,0,1,0,1,0,0,0,0,0,1,0,0,0,0,0,0,0,1,0,0,0,0,1,0
382,9963,41.0,83850.15,126155.31,805,23882.04,1,1,306.73,1106,115,8212.57,10.0,6.8,1,199.0,0,1,1,0,0,0,0,0,0,1,0,0,1,0,0,0,0,1,0,0,0,0,0,0,1,0,0,0,0,1,0,0
383,4044,18.1,24428.25,53924.06,580,9019.17,0,1,108.54,1003,218,932.53,4.9,5.1,1,103.81,1,0,0,0,1,0,0,1,0,0,0,0,0,1,0,1,0,0,0,0,0,0,0,0,0,0,1,0,0,1,0,0
384,2691,42.1,66393.04,103214.15,620,42285.56,0,0,1966.15,1895,137,6743.33,3.6,5.3,0,0.0,1,0,0,1,0,0,0,0,1,0,0,0,0,1,0,0,0,0,1,0,0,0,0,0,1,0,0,0,0,0,0,1
385,5691,38.6,49916.4,72169.96,669,25846.73,0,1,112.1,3155,106,574.27,0.6,5.1,0,0.0,0,1,1,0,0,0,0,0,1,0,0,0,0,1,0,0,0,1,0,0,0,0,0,0,0,0,0,1,1,0,0,0
386,9499,52.3,58369.55,85422.55,702,2388.97,0,0,3621.15,1329,179,6731.82,7.2,7.4,0,0.0,1,0,0,1,0,0,0,0,0,1,0,1,0,0,0,0,0,0,0,1,0,0,0,0,0,0,0,1,1,0,0,0
387,6218,55.1,66953.53,93865.64,633,10477.48,0,1,1434.63,3436,16,8431.94,6.4,6.1,0,0.0,1,0,0,0,0,1,0,1,0,0,0,0,0,1,0,0,0,0,0,1,0,0,0,0,0,1,0,0,0,1,0,0
388,8458,78.1,50255.43,69056.75,580,43497.98,1,0,1497.35,1188,242,3994.23,5.4,6.1,1,1163.96,1,0,1,0,0,0,0,0,1,0,0,0,1,0,0,0,0,0,0,0,0,0,1,0,0,0,1,0,0,0,0,1
389,2681,64.3,46485.84,73834.23,721,966.94,1,1,1649.22,3159,226,5226.04,4.0,8.1,1,890.86,0,1,0,0,1,0,0,0,0,1,0,0,1,0,0,0,0,0,0,0,1,0,0,0,0,0,0,1,0,0,1,0
390,4908,41.3,60683.05,67453.77,708,65098.67,0,0,374.62,134,242,4021.4,5.1,9.0,1,335.32,0,1,1,0,0,0,0,0,1,0,0,1,0,0,0,0,0,1,0,0,0,0,0,0,1,0,0,0,0,1,0,0
391,2993,36.5,38255.08,60887.78,577,22736.41,0,1,440.52,3597,141,3011.88,3.7,10.6,1,313.38,1,0,0,1,0,0,0,0,1,0,0,0,0,0,1,0,0,1,0,0,0,0,0,0,0,0,0,1,1,0,0,0
392,4435,57.4,38283.5,64010.37,758,19959.56,1,0,767.85,4378,199,8034.6,2.1,3.6,0,0.0,0,1,1,0,0,0,0,0,0,1,0,1,0,0,0,0,0,0,0,1,0,0,0,0,0,0,0,1,1,0,0,0
393,6750,30.2,73587.47,99744.77,744,6309.54,0,0,1800.33,4420,112,2727.31,5.9,11.2,1,1128.62,1,0,0,0,0,1,0,0,1,0,0,0,0,0,1,0,1,0,0,0,0,0,0,0,0,1,0,0,1,0,0,0
394,3595,77.5,37024.12,63401.66,661,5721.45,1,0,471.74,1211,127,7232.2,3.9,2.3,1,335.52,1,0,1,0,0,0,0,0,1,0,0,0,0,1,0,0,0,0,0,0,0,0,1,0,1,0,0,0,0,0,1,0
395,1774,67.7,73326.25,102399.79,656,56966.33,0,1,247.35,4674,21,2069.91,5.0,9.8,0,0.0,1,0,0,0,1,0,0,0,0,1,0,1,0,0,0,0,0,0,0,0,0,1,0,0,1,0,0,0,1,0,0,0
396,2885,43.0,69251.83,106443.45,694,7084.2,1,0,7020.92,3168,147,2506.04,3.8,3.4,1,6929.22,1,0,0,0,0,0,1,0,0,0,1,0,1,0,0,0,0,0,1,0,0,0,0,0,1,0,0,0,0,0,1,0
397,2445,24.3,25483.87,68601.62,581,29878.06,1,0,44.45,4424,89,3371.25,4.9,4.8,0,0.0,1,0,0,1,0,0,0,1,0,0,0,0,0,1,0,1,0,0,0,0,0,0,0,0,0,1,0,0,0,0,1,0
398,2120,70.3,46448.71,66702.23,652,9988.54,1,1,3246.03,3564,203,5895.67,4.0,5.0,1,2941.65,0,1,0,1,0,0,0,0,1,0,0,0,1,0,0,0,0,0,0,0,0,1,0,0,1,0,0,0,0,0,1,0
399,4230,48.3,83882.19,95834.18,478,2999.12,1,1,3102.67,4226,85,4549.68,3.8,2.8,0,0.0,1,0,1,0,0,0,0,0,1,0,0,0,0,1,0,0,0,0,1,0,0,0,0,0,1,0,0,0,0,1,0,0
400,5647,68.6,40376.69,54746.02,720,215.46,0,1,705.41,3157,167,7454.0,4.1,5.2,1,546.95,0,1,1,0,0,0,0,0,1,0,0,1,0,0,0,0,0,0,0,0,0,1,0,0,0,0,0,1,0,0,1,0
401,9426,26.1,50711.91,73403.87,525,15716.54,1,0,291.5,1804,72,2143.54,9.9,3.0,1,188.03,0,1,0,0,1,0,0,0,1,0,0,0,0,0,1,0,1,0,0,0,0,0,0,0,0,0,0,1,0,0,0,1
402,6955,41.0,69241.22,93962.4,770,74410.56,0,1,314.78,3844,298,116.62,5.6,1.9,0,0.0,1,0,0,0,0,0,1,0,1,0,0,0,0,1,0,0,0,1,0,0,0,0,0,0,1,0,0,0,1,0,0,0
403,1796,50.1,75667.81,94117.87,624,9213.31,0,0,2390.9,4999,9,7767.81,9.2,4.9,0,0.0,1,0,1,0,0,0,0,0,0,1,0,0,0,0,1,0,0,0,0,1,0,0,0,0,0,0,1,0,0,1,0,0
404,6975,50.7,54969.22,65527.47,633,8838.19,1,0,2058.96,121,281,8218.28,4.0,9.0,1,1372.93,1,0,0,1,0,0,0,0,1,0,0,0,0,1,0,0,0,0,0,1,0,0,0,0,0,0,1,0,1,0,0,0
405,6790,43.2,48049.8,71207.98,600,8434.68,1,1,3053.37,476,258,604.21,3.4,4.4,0,0.0,1,0,0,0,1,0,0,1,0,0,0,0,1,0,0,0,0,0,1,0,0,0,0,0,1,0,0,0,0,0,1,0
406,2953,59.3,88447.4,121168.8,627,14702.06,1,1,5544.58,138,275,6112.97,1.9,7.4,0,0.0,0,1,0,1,0,0,0,0,1,0,0,0,1,0,0,0,0,0,0,0,1,0,0,0,0,0,1,0,0,1,0,0
407,6693,34.0,94777.99,133703.44,763,11620.13,0,1,2354.84,4442,238,3788.29,7.2,2.9,0,0.0,0,1,0,0,1,0,0,0,0,1,0,0,0,1,0,0,1,0,0,0,0,0,0,0,0,1,0,0,0,0,0,1
408,6040,47.9,79577.16,101215.82,451,42391.05,1,0,338.85,3269,20,7941.02,2.2,1.8,1,338.56,1,0,1,0,0,0,0,0,1,0,0,0,0,0,1,0,0,0,1,0,0,0,0,0,0,0,0,1,0,0,1,0
409,1622,51.8,61706.36,85511.4,752,14085.0,1,0,557.95,4083,233,8745.4,7.6,6.1,1,496.72,0,1,0,0,1,0,0,0,0,1,0,1,0,0,0,0,0,0,0,1,0,0,0,0,0,1,0,0,1,0,0,0
410,3687,57.7,43834.69,59934.21,677,14175.69,0,0,3692.77,4567,221,8511.53,2.0,9.4,1,2375.95,0,1,0,1,0,0,0,0,0,1,0,1,0,0,0,0,0,0,0,1,0,0,0,0,0,0,0,1,0,0,0,1
411,4491,60.7,43391.11,72919.52,553,2978.62,0,1,469.69,1275,17,7774.27,5.8,5.5,0,0.0,0,1,1,0,0,0,0,0,0,1,0,0,1,0,0,0,0,0,0,0,1,0,0,0,0,0,1,0,0,0,1,0
412,4951,33.1,70450.28,87723.85,564,81186.74,0,0,150.57,2750,89,2697.83,0.8,7.1,1,130.96,0,1,1,0,0,0,0,0,0,1,0,1,0,0,0,0,1,0,0,0,0,0,0,0,0,0,1,0,0,0,0,1
413,6671,27.0,68367.96,106964.88,784,5752.92,0,0,2429.93,307,196,8120.78,3.1,8.7,0,0.0,0,1,1,0,0,0,0,0,1,0,0,0,1,0,0,0,1,0,0,0,0,0,0,0,1,0,0,0,0,0,1,0
414,9668,69.2,88031.97,91243.97,574,1523.89,1,0,1030.09,3086,84,5339.45,4.0,4.9,1,749.63,0,1,0,1,0,0,0,0,1,0,0,1,0,0,0,0,0,0,0,0,0,1,0,0,0,0,1,0,0,1,0,0
415,9435,55.0,73009.0,97614.56,558,21762.13,1,1,5052.46,4694,87,537.04,2.8,4.6,1,4621.79,0,1,0,0,1,0,0,0,0,1,0,0,0,1,0,0,0,0,0,1,0,0,0,0,0,0,1,0,0,0,1,0
416,6099,38.8,29938.39,64455.0,741,18095.46,1,0,2101.1,2952,154,4574.82,3.7,6.2,0,0.0,0,1,0,0,0,0,1,1,0,0,0,0,1,0,0,0,0,1,0,0,0,0,0,0,1,0,0,0,0,1,0,0
417,8314,73.3,81038.95,113796.47,677,10727.85,1,1,189.54,2543,228,9422.16,3.7,6.6,1,177.55,1,0,0,1,0,0,0,1,0,0,0,0,1,0,0,0,0,0,0,0,0,1,0,0,1,0,0,0,0,0,1,0
418,7915,51.7,40038.79,110434.29,575,10970.28,0,0,5907.51,868,264,8879.71,5.6,1.5,0,0.0,0,1,0,1,0,0,0,1,0,0,0,0,0,1,0,0,0,0,0,1,0,0,0,0,0,0,0,1,0,0,1,0
419,7763,67.7,52320.57,87567.57,667,30748.29,1,1,598.31,2831,223,1031.62,0.5,5.7,0,0.0,0,1,0,1,0,0,0,0,0,1,0,0,1,0,0,0,0,0,0,0,0,1,0,0,0,0,1,0,1,0,0,0
420,3780,51.0,65004.0,79943.19,568,4355.97,0,0,822.6,59,121,7443.83,2.9,5.0,0,0.0,1,0,1,0,0,0,0,0,1,0,0,1,0,0,0,0,0,0,0,1,0,0,0,0,0,0,0,1,0,0,0,1
421,1600,80.9,99913.35,128481.39,738,34324.13,1,1,1029.2,1287,173,8059.87,6.5,3.0,0,0.0,0,1,1,0,0,0,0,0,0,0,1,1,0,0,0,0,0,0,0,0,0,0,1,0,0,0,0,1,0,0,0,1
422,8745,76.3,122198.37,125554.68,735,20924.98,0,1,105.17,394,4,2721.17,5.1,4.8,1,63.17,1,0,1,0,0,0,0,0,1,0,0,0,1,0,0,0,0,0,0,0,0,0,1,0,0,1,0,0,0,0,0,1
423,1854,46.3,72134.46,100925.46,693,10859.05,1,0,1372.4,1830,128,4721.37,6.5,2.1,0,0.0,1,0,0,1,0,0,0,0,0,1,0,1,0,0,0,0,0,0,1,0,0,0,0,0,0,0,1,0,0,0,1,0
424,1902,64.6,56336.07,73840.23,679,12250.84,0,1,263.22,934,110,7112.77,5.5,1.2,0,0.0,0,1,1,0,0,0,0,0,0,1,0,0,0,0,1,0,0,0,0,0,1,0,0,0,0,0,1,0,0,0,1,0
425,3447,59.7,70690.11,114420.97,791,5931.69,0,0,1024.89,4823,37,4396.02,1.8,5.2,1,753.47,0,1,1,0,0,0,0,0,1,0,0,0,1,0,0,0,0,0,0,0,1,0,0,0,0,1,0,0,0,0,1,0
426,2291,70.5,77753.11,99510.0,650,27895.75,1,1,863.75,2208,71,1136.84,5.3,7.3,0,0.0,1,0,1,0,0,0,0,0,0,0,1,0,0,1,0,0,0,0,0,0,0,1,0,0,0,0,0,1,0,1,0,0
427,6244,35.5,53586.65,81835.16,555,14384.68,0,1,2964.2,2880,289,7061.77,4.2,4.1,1,2404.9,1,0,0,0,0,1,0,0,1,0,0,0,0,0,1,0,0,1,0,0,0,0,0,0,0,0,1,0,0,1,0,0
428,4358,60.3,95904.23,116370.86,686,7738.4,1,0,3250.83,2866,31,9117.27,8.5,2.6,0,0.0,0,1,0,1,0,0,0,0,1,0,0,0,1,0,0,0,0,0,0,0,1,0,0,0,0,0,0,1,1,0,0,0
429,2253,65.9,64601.42,120684.19,817,18129.29,0,0,333.08,4476,268,6528.32,5.6,3.0,0,0.0,1,0,0,0,1,0,0,0,0,1,0,0,0,1,0,0,0,0,0,0,1,0,0,0,0,1,0,0,0,0,1,0
430,5342,23.6,69954.86,95136.22,569,109143.69,1,0,913.15,209,11,7740.27,5.0,6.4,0,0.0,0,1,1,0,0,0,0,0,1,0,0,1,0,0,0,1,0,0,0,0,0,0,0,0,1,0,0,0,0,0,0,1
431,4414,32.3,73318.49,130806.84,621,11427.88,0,0,934.74,3903,32,3590.04,5.3,9.2,0,0.0,1,0,1,0,0,0,0,1,0,0,0,0,0,1,0,0,1,0,0,0,0,0,0,0,0,0,0,1,0,0,0,1
432,9251,19.4,68431.73,110644.01,683,50688.17,0,0,328.36,3990,57,1840.15,4.9,6.9,0,0.0,0,1,0,0,1,0,0,0,1,0,0,0,0,0,1,1,0,0,0,0,0,0,0,0,0,0,1,0,1,0,0,0
433,8058,46.0,76778.81,114009.81,646,8462.92,0,0,3203.47,1216,166,6431.31,4.9,8.3,0,0.0,1,0,0,0,1,0,0,0,1,0,0,1,0,0,0,0,0,0,1,0,0,0,0,0,1,0,0,0,0,0,0,1
434,6976,60.8,47654.94,83185.93,571,1125.75,0,0,2456.72,3989,188,3284.43,3.5,2.4,0,0.0,1,0,0,0,0,1,0,0,0,0,1,0,1,0,0,0,0,0,0,0,1,0,0,0,0,0,0,1,1,0,0,0
435,3644,72.5,48833.96,84740.92,740,4569.21,0,1,422.38,803,19,8602.13,5.1,4.8,0,0.0,1,0,0,1,0,0,0,0,0,1,0,1,0,0,0,0,0,0,0,0,0,1,0,0,0,0,0,1,0,0,1,0
436,8951,51.1,37996.92,39081.83,836,10849.6,0,0,913.69,4635,116,1235.05,5.9,7.5,1,607.78,1,0,0,1,0,0,0,0,1,0,0,0,1,0,0,0,0,0,0,1,0,0,0,0,1,0,0,0,0,0,0,1
437,4953,74.4,68790.02,94606.77,666,4959.87,0,0,223.66,4490,184,4340.3,6.1,1.5,1,161.94,0,1,0,0,1,0,0,0,0,1,0,0,1,0,0,0,0,0,0,0,0,0,1,0,1,0,0,0,0,0,1,0
438,6919,29.3,75578.73,118256.1,578,4.54,0,1,1978.83,382,270,3973.31,5.9,3.4,0,0.0,0,1,1,0,0,0,0,0,1,0,0,0,0,1,0,0,1,0,0,0,0,0,0,0,1,0,0,0,0,1,0,0
439,1821,24.4,69155.46,98422.0,526,49302.44,0,0,258.79,4537,33,9381.16,7.0,7.4,0,0.0,0,1,0,1,0,0,0,0,1,0,0,0,0,1,0,1,0,0,0,0,0,0,0,0,0,0,1,0,0,0,0,1
440,3205,49.2,93489.85,102412.0,671,37142.53,1,0,8528.01,4860,10,1539.82,6.2,5.6,0,0.0,0,1,0,1,0,0,0,0,1,0,0,0,0,1,0,0,0,0,1,0,0,0,0,0,0,0,1,0,0,1,0,0
441,3731,55.8,59888.08,89102.01,738,27118.58,0,0,3034.47,3058,80,108.37,5.3,2.6,1,1706.14,1,0,0,1,0,0,0,0,1,0,0,0,0,0,1,0,0,0,0,1,0,0,0,0,0,0,0,1,0,0,0,1
442,5712,49.5,73374.83,128936.42,688,3674.0,0,1,989.37,147,192,2388.47,1.7,0.9,0,0.0,0,1,0,0,0,0,1,0,1,0,0,0,0,0,1,0,0,0,1,0,0,0,0,0,0,0,0,1,0,0,1,0
443,8005,19.0,38165.98,86869.36,650,2564.93,1,1,1728.17,511,190,8204.57,1.7,8.3,0,0.0,0,1,0,1,0,0,0,0,0,0,1,0,0,1,0,1,0,0,0,0,0,0,0,0,0,1,0,0,1,0,0,0
444,4251,48.7,52258.01,81327.95,603,1399.97,0,0,4845.93,4317,68,2101.12,3.5,0.5,1,2866.19,1,0,1,0,0,0,0,0,1,0,0,0,0,0,1,0,0,0,1,0,0,0,0,0,0,0,1,0,0,0,1,0
445,3661,30.4,73910.76,118182.49,563,25749.2,1,1,1615.32,2667,125,2416.37,4.1,6.6,0,0.0,1,0,0,1,0,0,0,0,0,1,0,1,0,0,0,0,1,0,0,0,0,0,0,0,0,0,0,1,0,0,1,0
446,6186,60.0,76982.04,101484.44,717,52847.49,0,1,383.53,136,59,1307.69,6.8,3.7,0,0.0,1,0,1,0,0,0,0,0,1,0,0,1,0,0,0,0,0,0,0,0,1,0,0,0,1,0,0,0,0,0,1,0
447,1544,55.5,54120.66,58562.59,723,11261.19,0,1,951.89,4507,97,7157.21,0.5,7.6,1,777.22,1,0,0,1,0,0,0,0,1,0,0,0,0,0,1,0,0,0,0,1,0,0,0,0,1,0,0,0,0,0,0,1
448,4210,35.9,58568.01,74701.03,526,2537.15,0,1,3704.87,4908,275,701.05,1.9,2.4,0,0.0,0,1,1,0,0,0,0,0,0,1,0,0,0,0,1,0,0,1,0,0,0,0,0,0,0,0,1,0,1,0,0,0
449,2233,42.3,29642.53,83085.86,777,14364.9,1,1,2066.85,273,149,3318.77,3.6,11.5,0,0.0,0,1,0,1,0,0,0,1,0,0,0,1,0,0,0,0,0,0,1,0,0,0,0,0,1,0,0,0,0,1,0,0
450,6860,34.1,52859.42,78749.52,696,8579.75,1,0,2103.79,2662,278,2832.16,2.0,6.0,1,1888.64,1,0,0,0,1,0,0,0,0,0,1,0,1,0,0,0,0,1,0,0,0,0,0,0,0,1,0,0,0,0,1,0
451,4626,49.1,77807.66,104156.9,762,9394.47,0,0,4032.13,4593,265,5556.05,2.4,6.4,0,0.0,1,0,0,1,0,0,0,0,0,1,0,1,0,0,0,0,0,0,1,0,0,0,0,0,0,0,0,1,0,0,0,1
452,9862,64.3,71504.1,97006.53,543,19421.84,0,0,4488.12,895,9,7306.86,3.0,3.1,1,4162.93,0,1,1,0,0,0,0,0,0,0,1,1,0,0,0,0,0,0,0,0,1,0,0,0,0,0,0,1,0,1,0,0
453,3063,35.2,70013.31,128575.36,541,25367.96,1,1,5046.28,3011,283,5333.44,2.1,4.7,0,0.0,1,0,0,0,0,0,1,0,0,1,0,0,0,0,1,0,0,1,0,0,0,0,0,0,0,0,0,1,0,0,1,0
454,1445,57.6,60995.47,115384.86,638,2344.24,0,1,199.31,1591,273,9310.95,2.5,4.7,1,142.95,0,1,0,0,1,0,0,0,0,1,0,1,0,0,0,0,0,0,0,1,0,0,0,0,0,0,1,0,0,1,0,0
455,6871,42.0,60141.26,123422.97,690,724.78,0,1,1571.08,633,8,9514.91,6.7,9.5,1,1057.68,0,1,1,0,0,0,0,0,0,1,0,0,0,0,1,0,0,1,0,0,0,0,0,0,1,0,0,0,0,0,1,0
456,5385,38.1,46793.58,74407.9,794,103452.39,1,1,2698.07,3092,208,3621.04,5.2,6.0,0,0.0,1,0,1,0,0,0,0,1,0,0,0,0,0,0,1,0,0,1,0,0,0,0,0,0,0,1,0,0,0,1,0,0
457,6494,48.4,73976.57,108410.94,706,5298.29,1,0,2828.79,4048,125,7779.03,5.5,6.4,0,0.0,1,0,1,0,0,0,0,0,1,0,0,0,0,1,0,0,0,0,1,0,0,0,0,0,0,0,1,0,0,1,0,0
458,1336,34.5,68419.46,75669.82,631,1106.67,0,1,1866.45,2045,123,7390.63,3.9,6.3,0,0.0,1,0,0,0,1,0,0,0,0,1,0,1,0,0,0,0,0,1,0,0,0,0,0,0,0,0,0,1,1,0,0,0
459,8373,41.7,69840.38,121994.39,568,4211.34,1,1,364.93,1688,33,8930.72,6.0,6.6,0,0.0,0,1,0,0,0,1,0,0,1,0,0,0,1,0,0,0,0,1,0,0,0,0,0,0,0,1,0,0,1,0,0,0
460,9598,32.0,49479.3,61962.61,748,794.74,1,1,3193.25,3410,1,4484.96,5.7,1.5,0,0.0,1,0,0,0,1,0,0,0,1,0,0,0,0,1,0,0,1,0,0,0,0,0,0,0,0,0,0,1,0,0,1,0
461,4204,79.5,16933.14,50184.78,573,9945.39,0,1,2546.73,3797,204,5309.43,5.2,10.1,1,1586.6,0,1,1,0,0,0,0,0,0,1,0,0,0,0,1,0,0,0,0,0,0,0,1,0,0,0,0,1,0,0,0,1
462,5808,50.5,81943.05,95483.52,780,32430.39,0,1,180.15,3800,6,4163.59,2.7,2.8,0,0.0,0,1,0,0,1,0,0,1,0,0,0,0,0,0,1,0,0,0,0,1,0,0,0,0,0,0,1,0,1,0,0,0
463,5357,39.5,50423.25,71590.25,627,8348.06,0,0,1246.53,1643,297,8505.27,3.1,4.9,0,0.0,1,0,1,0,0,0,0,1,0,0,0,0,1,0,0,0,0,1,0,0,0,0,0,0,0,0,0,1,0,1,0,0
464,1727,53.2,42744.48,60185.55,777,11746.34,1,1,382.27,4985,5,2304.73,6.1,8.8,0,0.0,1,0,0,1,0,0,0,0,1,0,0,0,0,0,1,0,0,0,0,1,0,0,0,0,0,1,0,0,1,0,0,0
465,4556,48.3,73869.58,94751.45,704,22514.74,1,0,823.4,1909,80,2404.69,3.0,9.8,1,802.39,1,0,1,0,0,0,0,0,0,0,1,1,0,0,0,0,0,0,1,0,0,0,0,0,0,0,0,1,1,0,0,0
466,5490,46.7,52159.75,74072.91,639,14221.91,0,1,36.49,4138,274,3732.32,1.4,7.0,0,0.0,1,0,0,0,0,1,0,0,1,0,0,0,0,1,0,0,0,0,1,0,0,0,0,0,1,0,0,0,0,0,1,0
467,3299,59.2,81198.73,102974.7,608,39529.86,1,1,1022.75,2376,177,2311.12,2.9,3.7,1,681.68,1,0,0,1,0,0,0,0,0,0,1,0,0,0,1,0,0,0,0,0,1,0,0,0,0,0,0,1,1,0,0,0
468,8540,61.4,72340.12,114840.13,623,40203.63,0,0,1596.47,1129,136,5614.46,7.1,5.3,1,1117.5,1,0,0,0,1,0,0,0,1,0,0,0,0,0,1,0,0,0,0,0,1,0,0,0,0,0,1,0,1,0,0,0
469,5798,42.0,73671.39,87098.44,684,199.2,0,1,1932.97,1104,25,1353.56,2.9,5.4,0,0.0,0,1,0,1,0,0,0,0,1,0,0,0,1,0,0,0,0,1,0,0,0,0,0,0,0,1,0,0,0,1,0,0
470,4409,41.4,32680.89,65989.01,656,30105.73,0,0,2178.26,816,183,3208.66,4.7,5.5,0,0.0,0,1,1,0,0,0,0,0,0,1,0,1,0,0,0,0,0,1,0,0,0,0,0,0,0,0,1,0,1,0,0,0
471,2091,45.9,84238.88,132508.27,602,12350.91,0,0,3619.33,178,168,9135.31,2.8,1.9,0,0.0,0,1,0,1,0,0,0,1,0,0,0,0,0,0,1,0,0,0,1,0,0,0,0,0,1,0,0,0,0,1,0,0
472,4478,18.0,65225.01,87527.07,637,89909.36,1,0,485.32,1784,178,4098.16,5.5,8.2,0,0.0,0,1,1,0,0,0,0,0,1,0,0,0,1,0,0,1,0,0,0,0,0,0,0,0,0,0,0,1,1,0,0,0
473,4491,27.3,52614.46,71845.67,656,13203.23,0,1,256.76,2199,95,7484.85,5.1,5.3,1,206.52,1,0,0,0,1,0,0,0,0,1,0,0,0,0,1,0,1,0,0,0,0,0,0,0,0,0,1,0,1,0,0,0
474,7313,70.5,62867.77,89409.9,480,86696.67,1,1,3814.84,3786,33,1143.49,1.0,3.2,0,0.0,1,0,1,0,0,0,0,0,0,1,0,0,1,0,0,0,0,0,0,0,0,1,0,0,0,0,1,0,0,0,0,1
475,7808,74.7,24475.3,72171.17,687,28094.82,0,1,340.66,1209,111,2483.17,4.5,3.8,0,0.0,0,1,0,0,1,0,0,0,1,0,0,0,1,0,0,0,0,0,0,0,0,0,1,0,0,0,1,0,1,0,0,0
476,1431,46.3,68173.06,101084.67,572,5716.47,0,0,7358.66,3339,146,8075.38,0.6,5.7,0,0.0,0,1,0,0,1,0,0,0,1,0,0,1,0,0,0,0,0,0,1,0,0,0,0,0,0,0,1,0,0,1,0,0
477,4237,58.6,39412.57,61444.36,558,15460.91,1,1,3697.15,2453,231,7632.3,2.9,1.5,0,0.0,1,0,0,0,0,0,1,0,1,0,0,0,0,0,1,0,0,0,0,0,1,0,0,0,1,0,0,0,0,1,0,0
478,7206,54.7,32946.59,70204.74,515,96908.28,0,1,1389.8,4207,272,3867.7,4.0,7.2,0,0.0,0,1,0,1,0,0,0,1,0,0,0,1,0,0,0,0,0,0,0,1,0,0,0,0,1,0,0,0,0,0,1,0
479,7467,90.0,29552.82,43018.43,506,38972.56,0,0,7971.49,4617,38,9544.43,7.7,5.6,1,4153.03,1,0,1,0,0,0,0,0,0,1,0,0,1,0,0,0,0,0,0,0,0,0,0,1,0,0,0,1,0,0,1,0
480,1287,66.8,82253.77,122474.16,542,2048.78,0,0,204.9,954,135,9107.32,4.6,8.9,1,120.56,1,0,0,1,0,0,0,0,1,0,0,0,0,1,0,0,0,0,0,0,0,1,0,0,0,0,0,1,0,0,0,1
481,6995,48.1,47414.73,83543.84,593,24508.83,1,0,722.13,1633,235,9623.38,2.5,5.2,1,673.38,1,0,0,0,0,1,0,0,0,1,0,0,0,0,1,0,0,0,1,0,0,0,0,0,0,1,0,0,0,1,0,0
482,6047,35.7,90674.55,116057.43,806,8480.11,0,1,2033.46,3082,160,4284.87,3.4,2.3,0,0.0,1,0,0,0,0,0,1,1,0,0,0,0,0,1,0,0,0,1,0,0,0,0,0,0,1,0,0,0,0,1,0,0
483,7472,25.9,49283.97,66705.18,608,140.14,0,1,861.59,4248,38,1982.76,5.8,2.0,1,840.2,1,0,1,0,0,0,0,1,0,0,0,0,0,0,1,1,0,0,0,0,0,0,0,0,0,0,1,0,0,1,0,0
484,4013,53.1,25852.84,42552.63,664,10332.88,0,1,5272.55,4833,150,6270.32,2.5,4.0,0,0.0,0,1,0,0,1,0,0,0,1,0,0,1,0,0,0,0,0,0,0,1,0,0,0,0,0,0,1,0,0,0,0,1
485,4239,38.7,37669.51,75691.77,682,5351.17,0,0,135.76,2407,29,6850.88,6.2,4.3,1,87.92,1,0,1,0,0,0,0,0,1,0,0,1,0,0,0,0,0,1,0,0,0,0,0,0,0,1,0,0,0,1,0,0
486,3288,28.7,84716.23,133150.94,660,34170.72,1,1,1594.4,3510,144,1263.16,3.0,3.6,0,0.0,1,0,1,0,0,0,0,0,0,1,0,1,0,0,0,0,1,0,0,0,0,0,0,0,0,0,1,0,0,0,1,0
487,7365,40.3,56882.04,77322.42,644,8229.58,0,0,1787.43,3212,76,7866.97,2.2,5.3,0,0.0,0,1,0,1,0,0,0,0,1,0,0,1,0,0,0,0,0,1,0,0,0,0,0,0,0,1,0,0,0,0,0,1
488,2030,33.8,49034.25,85910.05,554,35149.91,0,0,2115.29,2847,145,190.42,3.0,3.5,1,1462.51,1,0,0,0,1,0,0,1,0,0,0,1,0,0,0,0,1,0,0,0,0,0,0,0,0,0,0,1,0,0,1,0
489,1099,75.3,63200.36,63200.36,766,11.96,0,1,590.53,3190,229,4832.46,0.8,5.6,1,341.7,1,0,0,1,0,0,0,0,1,0,0,0,0,1,0,0,0,0,0,0,0,0,1,0,1,0,0,0,0,0,1,0
490,7234,63.2,70035.65,91266.39,795,7358.16,0,0,906.9,4835,64,3316.85,0.5,3.7,1,744.9,1,0,0,0,1,0,0,0,1,0,0,1,0,0,0,0,0,0,0,0,1,0,0,0,0,1,0,0,0,0,0,1
491,8286,49.9,82347.98,111882.09,515,5519.42,1,1,3711.71,4919,269,7405.63,3.8,6.6,0,0.0,1,0,0,0,1,0,0,0,1,0,0,0,1,0,0,0,0,0,1,0,0,0,0,0,0,0,1,0,1,0,0,0
492,3713,72.2,88969.98,105324.73,568,5320.17,0,0,433.68,741,184,3134.48,3.9,4.2,0,0.0,1,0,0,0,1,0,0,1,0,0,0,0,1,0,0,0,0,0,0,0,0,1,0,0,0,1,0,0,1,0,0,0
493,5416,51.2,52804.63,68757.03,628,1412.45,1,1,3507.4,2616,261,8269.8,4.5,8.1,1,2595.08,1,0,0,1,0,0,0,0,0,1,0,0,0,1,0,0,0,0,0,1,0,0,0,0,0,0,0,1,0,0,1,0
494,3811,37.1,33479.05,53462.35,573,4143.54,0,0,1654.07,2678,268,5953.59,3.8,6.6,1,1443.78,1,0,1,0,0,0,0,0,0,1,0,0,0,0,1,0,0,1,0,0,0,0,0,0,0,0,1,0,1,0,0,0
495,2649,72.8,51730.7,86113.59,690,16218.33,0,1,2872.55,1747,169,7940.99,8.7,5.5,1,1731.1,1,0,0,1,0,0,0,0,1,0,0,0,1,0,0,0,0,0,0,0,0,1,0,0,0,0,0,1,0,1,0,0
496,9520,58.1,65205.61,92395.67,592,6888.18,1,0,2500.78,4382,259,9893.51,4.3,4.5,0,0.0,1,0,1,0,0,0,0,1,0,0,0,0,0,0,1,0,0,0,0,0,1,0,0,0,0,0,0,1,0,0,0,1
497,1565,34.4,40724.82,40724.82,823,10804.91,0,0,465.15,900,227,6794.79,1.2,1.2,0,0.0,1,0,0,1,0,0,0,0,0,1,0,0,0,1,0,0,0,1,0,0,0,0,0,0,0,1,0,0,0,0,1,0
498,5619,47.1,40856.98,40856.98,745,9459.9,1,1,1682.43,3604,33,9849.65,1.8,8.5,1,1469.37,1,0,0,0,0,0,1,0,0,1,0,0,0,0,1,0,0,0,1,0,0,0,0,0,0,0,0,1,0,1,0,0
499,6392,36.9,66875.76,87772.78,667,41734.15,1,0,4045.72,4934,214,298.07,4.0,3.3,1,3736.06,0,1,1,0,0,0,0,0,0,1,0,0,0,0,1,0,0,1,0,0,0,0,0,0,0,0,1,0,1,0,0,0
500,8521,29.3,59026.95,95892.25,732,47140.61,0,1,1131.68,300,50,3388.02,3.1,5.2,1,778.81,1,0,1,0,0,0,0,0,0,1,0,0,0,0,1,0,1,0,0,0,0,0,0,0,0,0,0,1,0,1,0,0
